Workbook
Name CODONG: '[1]01-15'!$B$3:$F$33

Sheet SGP
B1: BẢNG CHẤM CÔNG NHÂN VIÊN THÁNG 10/2019 | AL1: - Những cột có dấu (*) là bắt buộc người chấm công phải nhập dữ liệu (nếu có)
B2: ( Từ Ngày 01/10/2019 đến 31/10/2019 )
C3: Bãi xe: SGP | AL3: Phần nhập của Quản lý Bãi xe | AP3: Phần nhập của Phòng HCNS
AL4: (*) | AM4: (*) | AN4: (*) | AO4: (*)
D5: 1 | E5: 2 | F5: 3 | G5: 4 | H5: 5 | I5: 6 | J5: 7 | K5: 8 | L5: 9 | M5: 10 | N5: 11 | O5: 12 | P5: 13 | Q5: 14 | R5: 15 | S5: 16 | T5: 17 | U5: 18 | V5: 19 | W5: 20 | X5: 21 | Y5: 22 | Z5: 23 | AA5: 24 | AB5: 25 | AC5: 26 | AD5: 27 | AE5: 28 | AF5: 29 | AG5: 30 | AH5: 31 | AI5: 32 | AJ5: 33 | AK5: 34 | AL5: 35 | AM5: 36 | AN5: 37 | AO5: 38 | AP5: 39 | AQ5: 40 | AR5: 41 | AS5: 42 | AT5: 43 | AU5: 44 | AV5: 45 | AW5: 46 | AX5: 47
C6: THÁNG | D6: 9
C7: NĂM | D7: 2026
B8: Phần in ra cho Nhân viên ký xác nhận
B9: STT | C9: HỌ VÀ TÊN | D9: Thứ | E9: =TEXT(E10,"ddd") -> T3 | F9: =TEXT(F10,"ddd") -> T4 | G9: =TEXT(G10,"ddd") -> T5 | H9: =TEXT(H10,"ddd") -> T6 | I9: =TEXT(I10,"ddd") -> T7 | J9: =TEXT(J10,"ddd") -> CN | K9: =TEXT(K10,"ddd") -> T2 | L9: =TEXT(L10,"ddd") -> T3 | ... AI9: =TEXT(AI10,"ddd") | AK9: NV Ký Xác nhận | AL9: Thông tin Tham chiếu | AP9: Giờ công (h) | AW9: Đánh giá
D10: MSNV | E10: =DATE(D7,D6,1) -> 46266 | F10: =IFERROR(IF(E10+1<=EOMONTH(E10,0),E10+1,""),"") -> 46267 | G10: =IFERROR(IF(F10+1<=EOMONTH(F10,0),F10+1,""),"") -> 46268 | H10: =IFERROR(IF(G10+1<=EOMONTH(G10,0),G10+1,""),"") -> 46269 | I10: =IFERROR(IF(H10+1<=EOMONTH(H10,0),H10+1,""),"") -> 46270 | J10: =IFERROR(IF(I10+1<=EOMONTH(I10,0),I10+1,""),"") -> 46271 | K10: =IFERROR(IF(J10+1<=EOMONTH(J10,0),J10+1,""),"") -> 46272 | L10: =IFERROR(IF(K10+1<=EOMONTH(K10,0),K10+1,""),"") -> 46273 | M10: =IFERROR(IF(L10+1<=EOMONTH(L10,0),L10+1,""),"") -> 46274 | ... AI10: =IFERROR(IF(AH10+1<=EOMONTH(AH10,0),AH10+1,""),"") | AJ10: Tổng giờ Công | AL10: Đối tượng / Chức vụ | AM10: Ghi chú | AN10: Bãi xe (chỉ ghi khi có NV đến hỗ trợ) | AO10: Ca làm việc | AP10: Tổng số ngày Làm việc trong tháng | AQ10: Giờ công thường 1.0 | AR10: Số ngày tăng ca ngày nghỉ | AS10: Tăng ca ngày 1.3 | AT10: Tăng ca giờ 1.5 | AU10: Tăng ca Lễ 2.0 | AV10: Tăng ca tết 3.0 | AW10: Bãi xe Đánh giá | AX10: P. Nhân sự đánh giá | AY10: công đt
B11: A | C11: Ca Ngày | D11: MSNV | AL11: 4 CÔNG, 5 VỈA HÈ
C12: LÊ THANH BÌNH | D12: KV895 | E12: OFF | F12: OFF | G12: 9 | H12: 9 | I12: 4 | J12: OFF | K12: 9 | L12: 9 | M12: 9 | N12: 9 | O12: 9 | P12: 4 | Q12: OFF | R12: 9 | S12: 9 | T12: 9 | U12: 9 | V12: 9 | W12: 4 | X12: OFF | Y12: 9 | Z12: 9 | AA12: 9 | AB12: 9 | AC12: 9 | AD12: 4 | AE12: OFF | AF12: 9 | AG12: 9 | AH12: 9 | AL12: TĐH | AM12: TĐH
B13: 1 | C13: ĐINH THỊ MỘNG TRINH | D13: KV05390 | E13: 12 | F13: 12 | G13: 12 | H13: 12 | I13: 12 | J13: 12 | K13: 16 | L13: 12 | M13: 16 | N13: 12 | O13: 16 | P13: 16 | Q13: 12 | R13: 16 | S13: 12 | T13: 12 | U13: OFF | V13: OFF | W13: 12 | X13: 12 | Y13: 12 | Z13: 12 | AA13: 12 | AB13: 12 | AC13: 12 | AD13: 12 | AE13: 12 | AF13: 12 | AG13: 12 | AH13: 12 | AJ13: =SUM(E13:AI13) -> 356 | AK13: =VLOOKUP(C13,[2]T09.2026!$C$12:$E$37,3,0) -> KV05390 | AL13: MO | AM13: CO | AP13: =COUNT(E13:AI13)-COUNTIF(E13:AI13,0) -> 28 | AQ13: =AJ13-AS13-AT13 -> 336 | AR13: =IF(AP13=30,2,IF(AP13=29,1,0)) -> 0 | AT13: =(SUMIFS(E13:AI13,E13:AI13,">12")-(COUNTIF(E13:AI13,">12")*12)) -> 20 | AU13: =E13+F13 -> 24
B14: 2 | C14: NGUYỄN THỊ YẾN NHI | D14: KV12514 | E14: 12 | F14: 12 | G14: 12 | H14: 6 | I14: 12 | J14: OFF | K14: 6 | L14: 5 | M14: 6 | N14: 12 | O14: 12 | P14: 12 | Q14: OFF | R14: 7 | S14: 6 | T14: 6 | U14: 12 | V14: 6 | W14: 12 | X14: OFF | Y14: 6 | Z14: 5 | AA14: 6 | AB14: 12 | AC14: 6 | AD14: 12 | AE14: OFF | AF14: 6 | AG14: 5 | AH14: 2 | AJ14: =SUM(E14:AI14) -> 216 | AK14: =VLOOKUP(C14,[2]T09.2026!$C$12:$E$37,3,0) -> KV12514 | AL14: Nhân Viên | AM14: CỔNG KIỂM SOÁT | AN14: 200000 | AP14: =COUNT(E14:AI14)-COUNTIF(E14:AI14,0) -> 26 | AQ14: =AJ14-AS14-AT14 -> 216 | AR14: =IF(AP14=30,2,IF(AP14=29,1,0)) -> 0 | AT14: =(SUMIFS(E14:AI14,E14:AI14,">12")-(COUNTIF(E14:AI14,">12")*12)) -> 0 | AU14: =E14+F14 -> 24
B15: 5 | C15: NGUYỄN NGỌC THANH PHƯƠNG | D15: KV12411 | E15: 12 | F15: 12 | G15: 12 | H15: 12 | I15: 12 | J15: 12 | K15: 12 | L15: 12 | M15: 12 | N15: 12 | O15: 12 | P15: 12 | Q15: 12 | R15: OFF | S15: 12 | T15: 12 | U15: 12 | V15: 12 | W15: 12 | X15: 12 | Y15: 12 | Z15: 12 | AA15: 16 | AB15: 16 | AC15: 12 | AD15: 12 | AE15: 12 | AF15: 12 | AG15: 12 | AH15: 16 | AJ15: =SUM(E15:AI15) -> 360 | AK15: =VLOOKUP(C15,[2]T09.2026!$C$12:$E$37,3,0) -> KV12411 | AL15: Nhân Viên | AM15: CỔNG KIỂM SOÁT | AN15: 200000 | AP15: =COUNT(E15:AI15)-COUNTIF(E15:AI15,0) -> 29 | AQ15: =AJ15-AS15-AT15 -> 336 | AR15: =IF(AP15=30,2,IF(AP15=29,1,0)) -> 1 | AS15: 12 | AT15: =(SUMIFS(E15:AI15,E15:AI15,">12")-(COUNTIF(E15:AI15,">12")*12)) -> 12 | AU15: =E15+F15 -> 24
B16: 6 | C16: TRẦN ANH VIỆT | D16: KV10199 | E16: 12 | F16: 12 | G16: 12 | H16: 12 | I16: 12 | J16: 12 | K16: 12 | L16: 12 | M16: 12 | N16: 12 | O16: 12 | P16: 12 | Q16: 12 | R16: 12 | S16: 12 | T16: 12 | U16: 12 | V16: 12 | W16: 12 | X16: 12 | Y16: 12 | Z16: 12 | AA16: 12 | AB16: 12 | AC16: 12 | AD16: 12 | AE16: 12 | AF16: 12 | AG16: 12 | AH16: 12 | AJ16: =SUM(E16:AI16) -> 360 | AK16: =VLOOKUP(C16,[2]T09.2026!$C$12:$E$37,3,0) -> KV10199 | AL16: Nhân Viên | AM16: CỔNG KIỂM SOÁT | AN16: 200000 | AP16: =COUNT(E16:AI16)-COUNTIF(E16:AI16,0) -> 30 | AQ16: =AJ16-AS16-AT16 -> 336 | AR16: =IF(AP16=30,2,IF(AP16=29,1,0)) -> 2 | AS16: 24 | AT16: =(SUMIFS(E16:AI16,E16:AI16,">12")-(COUNTIF(E16:AI16,">12")*12)) -> 0 | AU16: =E16+F16 -> 24
B17: 5 | C17: ĐINH VĂN GIÚP | D17: KV00389 | E17: 12 | F17: 12 | G17: 12 | H17: 12 | I17: 12 | J17: 12 | K17: 12 | L17: 12 | M17: 12 | N17: 12 | O17: 12 | P17: 12 | Q17: 12 | R17: 12 | S17: 12 | T17: 12 | U17: 12 | V17: 12 | W17: 12 | X17: 12 | Y17: 12 | Z17: 14 | AA17: 12 | AB17: 12 | AC17: 12 | AD17: 12 | AE17: 12 | AF17: OFF | AG17: OFF | AH17: OFF | AJ17: =SUM(E17:AI17) -> 326 | AK17: =VLOOKUP(C17,[2]T09.2026!$C$12:$E$37,3,0) -> KV00389 | AL17: Nhân Viên | AM17: CỔNG KIỂM SOÁT | AN17: 200000 | AP17: =COUNT(E17:AI17)-COUNTIF(E17:AI17,0) -> 27 | AQ17: =AJ17-AS17-AT17 -> 324 | AR17: =IF(AP17=30,2,IF(AP17=29,1,0)) -> 0 | AT17: =(SUMIFS(E17:AI17,E17:AI17,">12")-(COUNTIF(E17:AI17,">12")*12)) -> 2 | AU17: =E17+F17 -> 24
B18: 6 | C18: NGUYỄN VĂN TIẾP | D18: KV02134 | E18: 16 | F18: 16 | G18: 16 | H18: 13 | I18: 13 | J18: 13 | K18: 16 | L18: 16 | M18: 16 | N18: 13 | O18: 13 | P18: OFF | Q18: 16 | R18: 16 | S18: 16 | T18: 16 | U18: 16 | V18: 12 | W18: OFF | X18: 13 | Y18: 16 | Z18: 16 | AA18: 16 | AB18: 16 | AC18: 16 | AD18: 16 | AE18: 13 | AF18: 16 | AG18: 16 | AH18: 16 | AJ18: =SUM(E18:AI18) -> 423 | AK18: =VLOOKUP(C18,[2]T09.2026!$C$12:$E$37,3,0) -> KV02134 | AL18: Nhân Viên | AM18: VỈA HÈ | AN18: 100000 | AP18: =COUNT(E18:AI18)-COUNTIF(E18:AI18,0) -> 28 | AQ18: =AJ18-AS18-AT18 -> 336 | AR18: =IF(AP18=30,2,IF(AP18=29,1,0)) -> 0 | AT18: =(SUMIFS(E18:AI18,E18:AI18,">12")-(COUNTIF(E18:AI18,">12")*12)) -> 87 | AU18: =E18+F18 -> 32
B19: 7 | C19: VÕ PHI HỔ | D19: KV10424 | E19: 12 | F19: 12 | G19: 12 | H19: 16 | I19: 16 | J19: 16 | K19: 12 | L19: 12 | M19: 12 | N19: 16 | O19: 16 | P19: 16 | Q19: 16 | R19: 16 | S19: 12 | T19: 12 | U19: 12 | V19: 16 | W19: 16 | X19: 16 | Y19: 12 | Z19: 12 | AA19: 12 | AB19: 12 | AC19: 12 | AD19: 12 | AE19: 16 | AF19: 12 | AG19: 16 | AH19: 12 | AJ19: =SUM(E19:AI19) -> 412 | AK19: =VLOOKUP(C19,[2]T09.2026!$C$12:$E$37,3,0) -> KV10424 | AL19: Nhân Viên | AM19: VỈA HÈ | AN19: 100000 | AP19: =COUNT(E19:AI19)-COUNTIF(E19:AI19,0) -> 30 | AQ19: =AJ19-AS19-AT19 -> 336 | AR19: =IF(AP19=30,2,IF(AP19=29,1,0)) -> 2 | AS19: 24 | AT19: =(SUMIFS(E19:AI19,E19:AI19,">12")-(COUNTIF(E19:AI19,">12")*12)) -> 52 | AU19: =E19+F19 -> 24
B20: 8 | C20: ĐÀO VĂN NÓI | D20: KV00246 | E20: 12 | F20: 12 | G20: 12 | H20: 12 | I20: 12 | J20: 12 | K20: 12 | L20: 12 | M20: 12 | N20: 12 | O20: 12 | P20: 12 | Q20: 12 | R20: 12 | S20: 12 | T20: 12 | U20: 12 | V20: 12 | W20: 12 | X20: 12 | Y20: 12 | Z20: 12 | AA20: 12 | AB20: OFF | AC20: OFF | AD20: OFF | AE20: OFF | AF20: OFF | AG20: OFF | AH20: OFF | AJ20: =SUM(E20:AI20) -> 276 | AK20: =VLOOKUP(C20,[2]T09.2026!$C$12:$E$37,3,0) -> KV00246 | AL20: Nhân Viên | AM20: HẦM | AP20: =COUNT(E20:AI20)-COUNTIF(E20:AI20,0) -> 23 | AQ20: =AJ20-AS20-AT20 -> 276 | AR20: =IF(AP20=30,2,IF(AP20=29,1,0)) -> 0 | AT20: =(SUMIFS(E20:AI20,E20:AI20,">12")-(COUNTIF(E20:AI20,">12")*12)) -> 0 | AU20: =E20+F20 -> 24
B21: 9 | C21: NGUYỄN VĂN NÚI | D21: KV10065 | E21: 12 | F21: 12 | G21: 12 | H21: 12 | I21: 12 | J21: 12 | K21: 12 | L21: 12 | M21: 12 | N21: 12 | O21: 12 | P21: 12 | Q21: 12 | R21: 12 | S21: OFF | T21: 12 | U21: 12 | V21: 12 | W21: 12 | X21: 12 | Y21: 12 | Z21: 12 | AA21: 12 | AB21: 12 | AC21: 12 | AD21: 12 | AE21: 12 | AF21: 12 | AG21: 12 | AH21: 12 | AJ21: =SUM(E21:AI21) -> 348 | AK21: =VLOOKUP(C21,[2]T09.2026!$C$12:$E$37,3,0) -> KV10065 | AL21: Nhân Viên | AM21: HẦM | AP21: =COUNT(E21:AI21)-COUNTIF(E21:AI21,0) -> 29 | AQ21: =AJ21-AS21-AT21 -> 336 | AR21: =IF(AP21=30,2,IF(AP21=29,1,0)) -> 1 | AS21: 12 | AT21: =(SUMIFS(E21:AI21,E21:AI21,">12")-(COUNTIF(E21:AI21,">12")*12)) -> 0 | AU21: =E21+F21 -> 24
B22: 10 | C22: LÊ VĂN MINH | D22: KV12513 | E22: 12 | F22: 12 | G22: 12 | H22: 12 | I22: 12 | J22: 12 | K22: 12 | L22: 12 | M22: 12 | N22: 16 | O22: 16 | P22: 12 | Q22: 12 | R22: 16 | S22: 12 | T22: 16 | U22: 12 | V22: 16 | W22: 12 | X22: 16 | Y22: 12 | Z22: 12 | AA22: 12 | AB22: 12 | AC22: 12 | AD22: 12 | AE22: 16 | AF22: 12 | AG22: 12 | AH22: 12 | AJ22: =SUM(E22:AI22) -> 388 | AK22: =VLOOKUP(C22,[2]T09.2026!$C$12:$E$37,3,0) -> KV12513 | AL22: Nhân Viên | AM22: VỈA HÈ | AN22: 100000 | AP22: =COUNT(E22:AI22)-COUNTIF(E22:AI22,0) -> 30 | AQ22: =AJ22-AS22-AT22 -> 336 | AR22: =IF(AP22=30,2,IF(AP22=29,1,0)) -> 2 | AS22: 24 | AT22: =(SUMIFS(E22:AI22,E22:AI22,">12")-(COUNTIF(E22:AI22,">12")*12)) -> 28 | AU22: =E22+F22 -> 24
B23: 11 | C23: NGUYỄN VĂN THƯƠNG | D23: KV13026 | E23: 12 | F23: 16 | G23: 12 | H23: 12 | I23: 12 | J23: 12 | K23: 12 | L23: 12 | M23: 12 | N23: 16 | O23: 12 | P23: 12 | Q23: 12 | R23: 12 | S23: 16 | T23: 13 | U23: 16 | V23: 12 | W23: 12 | X23: 12 | Y23: 16 | Z23: 12 | AA23: 12 | AB23: 12 | AC23: 12 | AD23: 12 | AE23: 12 | AF23: 12 | AG23: 16 | AH23: 12 | AJ23: =SUM(E23:AI23) -> 385 | AK23: =VLOOKUP(C23,[2]T09.2026!$C$12:$E$37,3,0) -> KV13026 | AL23: Nhân Viên | AM23: VỈA HÈ | AN23: 100000 | AP23: =COUNT(E23:AI23)-COUNTIF(E23:AI23,0) -> 30 | AQ23: =AJ23-AS23-AT23 -> 336 | AR23: =IF(AP23=30,2,IF(AP23=29,1,0)) -> 2 | AS23: 24 | AT23: =(SUMIFS(E23:AI23,E23:AI23,">12")-(COUNTIF(E23:AI23,">12")*12)) -> 25 | AU23: =E23+F23 -> 28
B24: A | C24: Ca Ngày | D24: MSNV | AP24: =COUNT(E24:AI24)-COUNTIF(E24:AI24,0) -> 0 | AQ24: =AJ24-AS24-AT24 -> 0 | AR24: =IF(AP24=30,2,IF(AP24=29,1,0)) -> 0 | AT24: =(SUMIFS(E24:AI24,E24:AI24,">12")-(COUNTIF(E24:AI24,">12")*12)) -> 0 | AU24: =E24+F24 -> 0
B25: 1 | C25: LƯU VĂN HẢI EM | D25: KV03429 | E25: 13 | F25: 13 | G25: 13 | H25: 13 | I25: 12 | J25: 12 | K25: 13 | L25: 15 | M25: 13 | N25: 15 | O25: 13 | P25: 12 | Q25: 12 | R25: 13 | S25: 13 | T25: 13 | U25: 13 | V25: 13 | W25: 12 | X25: 12 | Y25: 13 | Z25: 13 | AA25: 13 | AB25: 17 | AC25: 13 | AD25: 12 | AE25: 15 | AF25: 13 | AG25: 13 | AH25: 13 | AJ25: =SUM(E25:AI25) -> 393 | AK25: =VLOOKUP(C25,[2]T09.2026!$C$12:$E$37,3,0) -> KV03429 | AL25: MO | AM25: Ca phó | AP25: =COUNT(E25:AI25)-COUNTIF(E25:AI25,0) -> 30 | AQ25: =AJ25-AS25-AT25 -> 336 | AR25: =IF(AP25=30,2,IF(AP25=29,1,0)) -> 2 | AS25: 24 | AT25: =(SUMIFS(E25:AI25,E25:AI25,">12")-(COUNTIF(E25:AI25,">12")*12)) -> 33 | AU25: =E25+F25 -> 26 | AW25: 400000
B26: 2 | C26: ĐINH THỊ KIỀU NƯƠNG | D26: KV00896 | E26: 12 | F26: 12 | G26: 12 | H26: 17 | I26: 17 | J26: 17 | K26: 17 | L26: 12 | M26: 17 | N26: 17 | O26: 17 | P26: 17 | Q26: 16 | R26: 17 | S26: 17 | T26: 17 | U26: 17 | V26: 17 | W26: 12 | X26: 12 | Y26: 12 | Z26: 17 | AA26: 17 | AB26: 17 | AC26: 17 | AD26: 17 | AE26: 16 | AF26: 16 | AG26: 12 | AH26: 17 | AJ26: =SUM(E26:AI26) -> 467 | AK26: =VLOOKUP(C26,[2]T09.2026!$C$12:$E$37,3,0) -> KV00896 | AL26: Nhân Viên | AM26: MO | AP26: =COUNT(E26:AI26)-COUNTIF(E26:AI26,0) -> 30 | AQ26: =AJ26-AS26-AT26 -> 336 | AR26: =IF(AP26=30,2,IF(AP26=29,1,0)) -> 2 | AS26: 24 | AT26: =(SUMIFS(E26:AI26,E26:AI26,">12")-(COUNTIF(E26:AI26,">12")*12)) -> 107 | AU26: =E26+F26 -> 24 | AW26: 400000
B27: 3 | C27: TRẦN THỊ KIM PHƯỢNG | D27: KV03543 | E27: 12 | F27: 12 | G27: 12 | H27: 12 | I27: 12 | J27: 12 | K27: 12 | L27: 12 | M27: 12 | N27: 12 | O27: 12 | P27: 12 | Q27: 12 | R27: 12 | S27: 12 | T27: 12 | U27: 12 | V27: 12 | W27: 12 | X27: 12 | Y27: 12 | Z27: 12 | AA27: 12 | AB27: 12 | AC27: 16 | AD27: 12 | AE27: 12 | AF27: 12 | AG27: 12 | AH27: 12 | AJ27: =SUM(E27:AI27) -> 364 | AK27: =VLOOKUP(C27,[2]T09.2026!$C$12:$E$37,3,0) -> KV03543 | AL27: Nhân Viên | AM27: CỔNG KIỂM SOÁT | AN27: 200000 | AP27: =COUNT(E27:AI27)-COUNTIF(E27:AI27,0) -> 30 | AQ27: =AJ27-AS27-AT27 -> 336 | AR27: =IF(AP27=30,2,IF(AP27=29,1,0)) -> 2 | AS27: 24 | AT27: =(SUMIFS(E27:AI27,E27:AI27,">12")-(COUNTIF(E27:AI27,">12")*12)) -> 4 | AU27: =E27+F27 -> 24 | AW27: 400000
B28: 4 | C28: TRƯƠNG THỊ NO | D28: KV02758 | E28: 12 | F28: 12 | G28: 16 | H28: 13 | I28: 16 | J28: 16 | K28: 17 | L28: 16 | M28: 16 | N28: 16 | O28: 14 | P28: 15 | Q28: 14 | R28: 17 | S28: 16 | T28: 17 | U28: 17 | V28: 16 | W28: 16 | X28: 16 | Y28: 16 | Z28: 16 | AA28: 16 | AB28: 16 | AC28: 16 | AD28: 16 | AE28: 16 | AF28: 17 | AG28: 17 | AH28: 16 | AJ28: =SUM(E28:AI28) -> 470 | AK28: =VLOOKUP(C28,[2]T09.2026!$C$12:$E$37,3,0) -> KV02758 | AL28: Nhân Viên | AM28: CỔNG KIỂM SOÁT | AN28: 200000 | AP28: =COUNT(E28:AI28)-COUNTIF(E28:AI28,0) -> 30 | AQ28: =AJ28-AS28-AT28 -> 336 | AR28: =IF(AP28=30,2,IF(AP28=29,1,0)) -> 2 | AS28: 24 | AT28: =(SUMIFS(E28:AI28,E28:AI28,">12")-(COUNTIF(E28:AI28,">12")*12)) -> 110 | AU28: =E28+F28 -> 24 | AW28: 400000
B29: 5 | C29: HUỲNH NGỌC MINH TRÂM | D29: KV13253 | E29: 15 | F29: 15 | G29: 15 | H29: 12 | I29: 12 | J29: 12 | K29: OFF | L29: 12 | M29: OFF | N29: OFF | O29: 15 | P29: 12 | Q29: 12 | R29: OFF | S29: 12 | T29: 11 | U29: 12 | V29: 12 | W29: 15 | X29: 15 | Y29: 10 | Z29: 12 | AA29: 8 | AB29: OFF | AC29: 15 | AD29: 15 | AE29: 12 | AF29: 12 | AG29: 8 | AH29: 10 | AJ29: =SUM(E29:AI29) -> 311 | AK29: =VLOOKUP(C29,[2]T09.2026!$C$12:$E$37,3,0) -> KV13253 | AL29: Nhân Viên | AM29: CỔNG KIỂM SOÁT | AN29: 200000 | AP29: =COUNT(E29:AI29)-COUNTIF(E29:AI29,0) -> 25 | AQ29: =AJ29-AS29-AT29 -> 287 | AR29: =IF(AP29=30,2,IF(AP29=29,1,0)) -> 0 | AT29: =(SUMIFS(E29:AI29,E29:AI29,">12")-(COUNTIF(E29:AI29,">12")*12)) -> 24 | AU29: =E29+F29 -> 30 | AW29: 400000
B30: 6 | C30: HUỲNH THANH NGA | D30: KV07126 | E30: 16 | F30: 16 | G30: 16 | H30: 17 | I30: 12 | J30: 18 | K30: 17 | L30: 18 | M30: 18 | N30: 17 | O30: 18 | P30: 12 | Q30: 18 | R30: 18 | S30: 18 | T30: 18 | U30: 18 | V30: 18 | W30: 12 | X30: 16 | Y30: 12 | Z30: 17 | AA30: 18 | AB30: 18 | AC30: 17 | AD30: 17 | AE30: 17 | AF30: 18 | AG30: 19 | AH30: 19 | AJ30: =SUM(E30:AI30) -> 503 | AK30: =VLOOKUP(C30,[2]T09.2026!$C$12:$E$37,3,0) -> KV07126 | AL30: Nhân Viên | AM30: CỔNG KIỂM SOÁT | AN30: 200000 | AP30: =COUNT(E30:AI30)-COUNTIF(E30:AI30,0) -> 30 | AQ30: =AJ30-AS30-AT30 -> 336 | AR30: =IF(AP30=30,2,IF(AP30=29,1,0)) -> 2 | AS30: 24 | AT30: =(SUMIFS(E30:AI30,E30:AI30,">12")-(COUNTIF(E30:AI30,">12")*12)) -> 143 | AU30: =E30+F30 -> 32 | AW30: 400000
B31: 7 | C31: NGUYỄN VĂN CẢNH | D31: KV09760 | E31: 12 | F31: 12 | G31: 12 | H31: 12 | I31: 12 | J31: 12 | K31: 12 | L31: 12 | M31: 12 | N31: 12 | O31: 12 | P31: 12 | Q31: 12 | R31: 12 | S31: 12 | T31: 12 | U31: 12 | V31: 12 | W31: 12 | X31: 12 | Y31: 12 | Z31: 12 | AA31: 12 | AB31: 12 | AC31: 12 | AD31: 12 | AE31: 12 | AF31: 15 | AG31: 15 | AH31: 12 | AJ31: =SUM(E31:AI31) -> 366 | AK31: =VLOOKUP(C31,[2]T09.2026!$C$12:$E$37,3,0) -> KV09760 | AL31: Nhân Viên | AM31: VỈA HÈ | AN31: 100000 | AP31: =COUNT(E31:AI31)-COUNTIF(E31:AI31,0) -> 30 | AQ31: =AJ31-AS31-AT31 -> 336 | AR31: =IF(AP31=30,2,IF(AP31=29,1,0)) -> 2 | AS31: 24 | AT31: =(SUMIFS(E31:AI31,E31:AI31,">12")-(COUNTIF(E31:AI31,">12")*12)) -> 6 | AU31: =E31+F31 -> 24 | AW31: 400000
B32: 8 | C32: VÕ TRỌNG PHÚC | D32: KV11844 | E32: 12 | F32: 12 | G32: 12 | H32: 12 | I32: 12 | J32: 12 | K32: 12 | L32: 12 | M32: 12 | N32: 12 | O32: 12 | P32: 12 | Q32: 12 | R32: 12 | S32: 12 | T32: 12 | U32: 12 | V32: 12 | W32: 12 | X32: 12 | Y32: 12 | Z32: 12 | AA32: 12 | AB32: 12 | AC32: 12 | AD32: 12 | AE32: 12 | AF32: 12 | AG32: 12 | AH32: 12 | AJ32: =SUM(E32:AI32) -> 360 | AK32: =VLOOKUP(C32,[2]T09.2026!$C$12:$E$37,3,0) -> KV11844 | AL32: Nhân Viên | AM32: VỈA HÈ | AN32: 100000 | AP32: =COUNT(E32:AI32)-COUNTIF(E32:AI32,0) -> 30 | AQ32: =AJ32-AS32-AT32 -> 336 | AR32: =IF(AP32=30,2,IF(AP32=29,1,0)) -> 2 | AS32: 24 | AT32: =(SUMIFS(E32:AI32,E32:AI32,">12")-(COUNTIF(E32:AI32,">12")*12)) -> 0 | AU32: =E32+F32 -> 24 | AW32: 400000
B33: 9 | C33: NGUYỄN QUỲNH NHƯ | D33: KV07238 | E33: 8 | F33: 10 | G33: 8 | H33: 8 | I33: 8 | J33: 8 | K33: 11 | L33: 8 | M33: 11 | N33: 11 | O33: 11 | P33: 8 | Q33: 8 | R33: 12 | S33: 8 | T33: 11 | U33: 8 | V33: 8 | W33: 8 | X33: 8 | Y33: 11 | Z33: 8 | AA33: 8 | AB33: 8 | AC33: 12 | AD33: 12 | AE33: 12 | AF33: 12 | AG33: 12 | AH33: 12 | AJ33: =SUM(E33:AI33) -> 288 | AK33: =VLOOKUP(C33,[2]T09.2026!$C$12:$E$37,3,0) -> KV07238 | AL33: Nhân Viên | AM33: VỈA HÈ | AN33: 100000 | AP33: =COUNT(E33:AI33)-COUNTIF(E33:AI33,0) -> 30 | AQ33: =AJ33-AS33-AT33 -> 264 | AR33: =IF(AP33=30,2,IF(AP33=29,1,0)) -> 2 | AS33: 24 | AT33: =(SUMIFS(E33:AI33,E33:AI33,">12")-(COUNTIF(E33:AI33,">12")*12)) -> 0 | AU33: =E33+F33 -> 18
AP34: =COUNT(E34:AI34)-COUNTIF(E34:AI34,0) -> 0 | AQ34: =AJ34-AS34-AT34 -> 0 | AR34: =IF(AP34=30,2,IF(AP34=29,1,0)) -> 0 | AT34: =(SUMIFS(E34:AI34,E34:AI34,">12")-(COUNTIF(E34:AI34,">12")*12)) -> 0 | AU34: =E34+F34 -> 0
C35: Đến hỗ trợ Ca Ngày | AP35: =COUNT(E35:AI35)-COUNTIF(E35:AI35,0) -> 0 | AQ35: =AJ35-AS35-AT35 -> 0 | AR35: =IF(AP35=30,2,IF(AP35=29,1,0)) -> 0 | AT35: =(SUMIFS(E35:AI35,E35:AI35,">12")-(COUNTIF(E35:AI35,">12")*12)) -> 0 | AU35: =E35+F35 -> 0
B36: 1 | C36: NGUYỄN VĂN NHÂN | D36: KV13007 | AG36: 12 | AJ36: =SUM(E36:AI36) -> 12 | AK36: =VLOOKUP(C36,[2]T09.2026!$C$12:$E$37,3,0) -> KV13007 | AP36: =COUNT(E36:AI36)-COUNTIF(E36:AI36,0) -> 1 | AQ36: =AJ36-AS36-AT36 -> 12 | AR36: =IF(AP36=30,2,IF(AP36=29,1,0)) -> 0 | AT36: =(SUMIFS(E36:AI36,E36:AI36,">12")-(COUNTIF(E36:AI36,">12")*12)) -> 0 | AU36: =E36+F36 -> 0
B37: E | C37: Đến hỗ trợ Ca Đêm | AP37: =COUNT(E37:AI37)-COUNTIF(E37:AI37,0) -> 0 | AQ37: =AJ37-AS37-AT37 -> 0 | AR37: =IF(AP37=30,2,IF(AP37=29,1,0)) -> 0 | AT37: =(SUMIFS(E37:AI37,E37:AI37,">12")-(COUNTIF(E37:AI37,">12")*12)) -> 0 | AU37: =E37+F37 -> 0
B38: 1 | C38: HUỲNH THANH TÂM | D38: KV12839 | E38: 16 | F38: OFF | G38: 12 | H38: 12 | I38: 12 | J38: 12 | K38: 12 | L38: 12 | M38: 12 | N38: 12 | O38: OFF | P38: 12 | Q38: 18 | R38: OFF | S38: 12 | T38: 12 | U38: 12 | V38: 12 | W38: 12 | X38: 16 | Y38: OFF | Z38: 12 | AA38: 5 | AB38: 5 | AC38: 12 | AD38: 12 | AE38: 17 | AF38: OFF | AG38: 5 | AH38: OFF | AI38: =SUM(T38:AH38) -> 132 | AP38: =COUNT(E38:AI38)-COUNTIF(E38:AI38,0) -> 25 | AQ38: =AJ38-AS38-AT38 -> -139 | AR38: =IF(AP38=30,2,IF(AP38=29,1,0)) -> 0 | AT38: =(SUMIFS(E38:AI38,E38:AI38,">12")-(COUNTIF(E38:AI38,">12")*12)) -> 139
B39: 2 | C39: ĐẶNG LƯ PHƯƠNG HIẾU | D39: KV13261 | AH39: 12 | AJ39: =SUM(E39:AI39) -> 12 | AK39: =VLOOKUP(C39,[2]T09.2026!$C$12:$E$37,3,0) -> KV13261 | AP39: =COUNT(E39:AI39)-COUNTIF(E39:AI39,0) -> 1 | AQ39: =AJ39-AS39-AT39 -> 12 | AR39: =IF(AP39=30,2,IF(AP39=29,1,0)) -> 0 | AT39: =(SUMIFS(E39:AI39,E39:AI39,">12")-(COUNTIF(E39:AI39,">12")*12)) -> 0 | AU39: =E39+F39 -> 0
B43: F | C43: Đi hỗ trợ | AP43: =COUNT(E43:AI43)-COUNTIF(E43:AI43,0) -> 0 | AQ43: =AJ43-AS43-AT43 -> 0 | AR43: =IF(AP43=30,2,IF(AP43=29,1,0)) -> 0 | AT43: =(SUMIFS(E43:AI43,E43:AI43,">12")-(COUNTIF(E43:AI43,">12")*12)) -> 0 | AU43: =E43+F43 -> 0
AP44: =COUNT(E44:AI44)-COUNTIF(E44:AI44,0) -> 0 | AQ44: =AJ44-AS44-AT44 -> 0 | AR44: =IF(AP44=30,2,IF(AP44=29,1,0)) -> 0 | AT44: =(SUMIFS(E44:AI44,E44:AI44,">12")-(COUNTIF(E44:AI44,">12")*12)) -> 0 | AU44: =E44+F44 -> 0
AP45: =COUNT(E45:AI45)-COUNTIF(E45:AI45,0) -> 0 | AQ45: =AJ45-AS45-AT45 -> 0 | AR45: =IF(AP45=30,2,IF(AP45=29,1,0)) -> 0 | AT45: =(SUMIFS(E45:AI45,E45:AI45,">12")-(COUNTIF(E45:AI45,">12")*12)) -> 0 | AU45: =E45+F45 -> 0
AP46: =COUNT(E46:AI46)-COUNTIF(E46:AI46,0) -> 0 | AQ46: =AJ46-AS46-AT46 -> 0 | AR46: =IF(AP46=30,2,IF(AP46=29,1,0)) -> 0 | AT46: =(SUMIFS(E46:AI46,E46:AI46,">12")-(COUNTIF(E46:AI46,">12")*12)) -> 0 | AU46: =E46+F46 -> 0
AP47: =COUNT(E47:AI47)-COUNTIF(E47:AI47,0) -> 0 | AQ47: =AJ47-AS47-AT47 -> 0 | AR47: =IF(AP47=31,2,IF(AP47=30,1,0)) -> 0 | AT47: =(SUMIFS(E47:AI47,E47:AI47,">12")-(COUNTIF(E47:AI47,">12")*12)) -> 0
AP48: =COUNT(E48:AI48)-COUNTIF(E48:AI48,0) -> 0 | AQ48: =AJ48-AS48-AT48 -> 0 | AR48: =IF(AP48=31,2,IF(AP48=30,1,0)) -> 0 | AT48: =(SUMIFS(E48:AI48,E48:AI48,">12")-(COUNTIF(E48:AI48,">12")*12)) -> 0
AP49: =COUNT(E49:AI49)-COUNTIF(E49:AI49,0) -> 0 | AQ49: =AJ49-AS49-AT49 -> 0 | AR49: =IF(AP49=31,2,IF(AP49=30,1,0)) -> 0 | AT49: =(SUMIFS(E49:AI49,E49:AI49,">12")-(COUNTIF(E49:AI49,">12")*12)) -> 0
AP50: =COUNT(E50:AI50)-COUNTIF(E50:AI50,0) -> 0 | AQ50: =AJ50-AS50-AT50 -> 0 | AR50: =IF(AP50=31,2,IF(AP50=30,1,0)) -> 0 | AT50: =(SUMIFS(E50:AI50,E50:AI50,">12")-(COUNTIF(E50:AI50,">12")*12)) -> 0
AP51: =COUNT(E51:AI51)-COUNTIF(E51:AI51,0) -> 0 | AQ51: =AJ51-AS51-AT51 -> 0 | AR51: =IF(AP51=30,2,IF(AP51=29,1,0)) -> 0 | AT51: =(SUMIFS(E51:AI51,E51:AI51,">12")-(COUNTIF(E51:AI51,">12")*12)) -> 0
AJ52: =SUM(AJ12:AJ51) -> 7396

Sheet DCH
B1: BẢNG CHẤM CÔNG NHÂN VIÊN THÁNG 10/2019 | AM1: - Những cột có dấu (*) là bắt buộc người chấm công phải nhập dữ liệu (nếu có)
B2: ( Từ Ngày : 01/10/2019 Đến : 31/10/2019 )
C3: Bãi xe : DEUTSCHES HAUS | AM3: Phần nhập của Quản lý Bãi xe | AQ3: Phần nhập của Phòng HCNS
AM4: (*) | AN4: (*) | AO4: (*) | AP4: (*)
D5: 1 | E5: 2 | F5: 3 | G5: 4 | H5: 5 | I5: 6 | J5: 7 | K5: 8 | L5: 9 | M5: 10 | N5: 11 | O5: 12 | P5: 13 | Q5: 14 | R5: 15 | S5: 16 | T5: 17 | U5: 18 | V5: 19 | W5: 20 | X5: 21 | Y5: 22 | Z5: 23 | AA5: 24 | AB5: 25 | AC5: 26 | AD5: 27 | AE5: 28 | AF5: 29 | AG5: 30 | AH5: 31 | AI5: 32 | AJ5: 33 | AK5: 34 | AL5: 35 | AM5: 36 | AN5: 37 | AO5: 38 | AP5: 39 | AQ5: 40 | AR5: 41 | AS5: 42 | AT5: 43 | AU5: 44 | AV5: 45 | AW5: 46 | AX5: 47 | AY5: 48
B6: Phần in ra cho Nhân viên ký xác nhận
B7: STT | C7: HỌ VÀ TÊN | D7: Thứ | F7: =TEXT(F8,"ddd") -> T3 | G7: =TEXT(G8,"ddd") -> T4 | H7: =TEXT(H8,"ddd") -> T5 | I7: =TEXT(I8,"ddd") -> T6 | J7: =TEXT(J8,"ddd") -> T7 | K7: =TEXT(K8,"ddd") -> CN | L7: =TEXT(L8,"ddd") -> T2 | M7: =TEXT(M8,"ddd") -> T3 | ... AJ7: =TEXT(AJ8,"ddd") | AL7: NV Ký Xác nhận | AM7: Thông tin Tham chiếu | AQ7: Giờ công (h) | AX7: Đánh giá
D8: Ngày | F8: =DATE(SGP!D7,SGP!D6,1) -> 46266 | G8: =IFERROR(IF(F8+1<=EOMONTH(F8,0),F8+1,""),"") -> 46267 | H8: =IFERROR(IF(G8+1<=EOMONTH(G8,0),G8+1,""),"") -> 46268 | I8: =IFERROR(IF(H8+1<=EOMONTH(H8,0),H8+1,""),"") -> 46269 | J8: =IFERROR(IF(I8+1<=EOMONTH(I8,0),I8+1,""),"") -> 46270 | K8: =IFERROR(IF(J8+1<=EOMONTH(J8,0),J8+1,""),"") -> 46271 | L8: =IFERROR(IF(K8+1<=EOMONTH(K8,0),K8+1,""),"") -> 46272 | M8: =IFERROR(IF(L8+1<=EOMONTH(L8,0),L8+1,""),"") -> 46273 | N8: =IFERROR(IF(M8+1<=EOMONTH(M8,0),M8+1,""),"") -> 46274 | ... AJ8: =IFERROR(IF(AI8+1<=EOMONTH(AI8,0),AI8+1,""),"") | AK8: Tổng giờ Công | AM8: Đối tượng / Chức vụ | AN8: Ghi chú (ghi chú phụ cấp) | AO8: Bãi xe (chỉ ghi khi có NV đến hỗ trợ) | AP8: Ca làm việc | AQ8: Tổng số ngày Làm việc trong tháng | AR8: Giờ công thường 1.0 | AS8: Số ngày tăng ca ngày nghỉ | AT8: Tăng ca ngày 1.3 | AU8: Tăng ca giờ 1.5 | AV8: Tăng ca Lễ 2.0 | AW8: Tăng ca tết 3.0 | AX8: Bãi xe Đánh giá | AY8: P. Nhân sự đánh giá
B9: A | C9: Ca Ngày | D9: MSNV | E9: Ngày vào làm | AM9: 5 CỔNG | AW9: 0 | AX9: 0 | AY9: 0
B10: 1 | C10: LÂM ĐỖ LÊ DUY | D10: KV4623 | E10: ĐỘI TRƯỞNG | F10: OFF | G10: OFF | H10: 12 | I10: 12 | J10: 12 | K10: OFF | L10: 12 | M10: 12 | N10: 12 | O10: 12 | P10: 12 | Q10: 12 | R10: OFF | S10: 12 | T10: 12 | U10: 12 | V10: 12 | W10: 12 | X10: 12 | Y10: OFF | Z10: 12 | AA10: 12 | AB10: 12 | AC10: 12 | AD10: 12 | AE10: 12 | AF10: OFF | AG10: 12 | AH10: 12 | AI10: 12 | AM10: Đội Trưởng
B11: 2 | C11: NGUYỄN HỮU THẬT | D11: KV04146 | E11: 26/08/2026 | F11: 12 | G11: 16 | H11: 12 | I11: 12 | J11: 12 | K11: 14 | L11: 13 | M11: 12 | N11: 14 | O11: 12 | P11: 9 | Q11: 16 | R11: 14.5 | S11: 12 | T11: 12 | U11: 16 | V11: 16 | W11: 12 | X11: 12 | Y11: 12 | Z11: 12 | AA11: 12 | AB11: 12 | AC11: 12 | AD11: 12 | AE11: 16 | AF11: 12 | AG11: 12 | AH11: 13 | AI11: 12 | AK11: =SUM(F11:AJ11) -> 385.5 | AL11: =VLOOKUP(C11,[2]T09.2026!$C$41:$E$65,3,0) -> KV04146 | AM11: MO | AQ11: =COUNT(F11:AJ11)-COUNTIF(F11:AJ11,0) -> 30 | AR11: =AK11-AT11-AU11 -> 333 | AS11: =IF(AQ11=30,2,IF(AQ11=29,1,0)) -> 2 | AT11: 24 | AU11: =(SUMIFS(F11:AJ11,F11:AJ11,">12")-(COUNTIF(F11:AJ11,">12")*12)) -> 28.5 | AV11: =F11+G11 -> 28
B12: 3 | C12: LÊ CÔNG QUÂN | D12: KV08665 | E12: 44602 | F12: 10 | G12: 10 | H12: 10 | I12: 10 | J12: OFF | K12: 10 | L12: 10 | M12: 10 | N12: 10 | O12: 10 | P12: 10 | Q12: 10 | R12: 10 | S12: 10 | T12: 10 | U12: 10 | V12: 10 | W12: 10 | X12: OFF | Y12: 10 | Z12: 10 | AA12: 10 | AB12: 10 | AC12: 10 | AD12: 10 | AE12: 10 | AF12: 4 | AG12: 10 | AH12: 10 | AI12: 10 | AK12: =SUM(F12:AJ12) -> 274 | AL12: =VLOOKUP(C12,[2]T09.2026!$C$41:$E$65,3,0) -> KV08665 | AM12: Nhân Viên | AN12: Phụ cấp cổng | AO12: 200000 | AQ12: =COUNT(F12:AJ12)-COUNTIF(F12:AJ12,0) -> 28 | AR12: =AK12-AT12-AU12 -> 274 | AS12: =IF(AQ12=30,2,IF(AQ12=29,1,0)) -> 0 | AU12: =(SUMIFS(F12:AJ12,F12:AJ12,">12")-(COUNTIF(F12:AJ12,">12")*12)) -> 0 | AV12: =F12+G12 -> 20
B13: 4 | C13: TRỊNH HẢI ANH | D13: KV12085 | E13: 45775 | F13: OFF | G13: 12 | H13: 12 | I13: 12 | J13: 12 | K13: 12 | L13: 12 | M13: 12 | N13: 12 | O13: 12 | P13: 12 | Q13: 12 | R13: 12 | S13: 12 | T13: 12 | U13: 12 | V13: OFF | W13: OFF | X13: 12 | Y13: 12 | Z13: 12 | AA13: 12 | AB13: 12 | AC13: 12 | AD13: 12 | AE13: 10.5 | AF13: 12 | AG13: 12 | AH13: 12 | AI13: 12 | AK13: =SUM(F13:AJ13) -> 322.5 | AL13: =VLOOKUP(C13,[2]T09.2026!$C$41:$E$65,3,0) -> KV12085 | AM13: Nhân Viên | AQ13: =COUNT(F13:AJ13)-COUNTIF(F13:AJ13,0) -> 27 | AR13: =AK13-AT13-AU13 -> 322.5 | AS13: =IF(AQ13=30,2,IF(AQ13=29,1,0)) -> 0 | AU13: =(SUMIFS(F13:AJ13,F13:AJ13,">12")-(COUNTIF(F13:AJ13,">12")*12)) -> 0 | AV13: 12 | AY13: A
B14: 5 | C14: GỊP DUY BÌNH | D14: KV08846 | E14: 45876 | F14: 12 | G14: 12 | H14: 12 | I14: 12 | J14: 12 | K14: 12 | L14: 12 | M14: 12 | N14: 12 | O14: 12 | P14: 12 | Q14: 12 | R14: 12 | S14: 12.5 | T14: 12 | U14: 12 | V14: 12 | W14: 12 | X14: 12 | Y14: 12 | Z14: 12 | AA14: 12 | AB14: 12 | AC14: 12 | AD14: 12 | AE14: 12 | AF14: 12 | AG14: 12 | AH14: 12 | AI14: 12 | AK14: =SUM(F14:AJ14) -> 360.5 | AL14: =VLOOKUP(C14,[2]T09.2026!$C$41:$E$65,3,0) -> KV08846 | AM14: Nhân Viên | AQ14: =COUNT(F14:AJ14)-COUNTIF(F14:AJ14,0) -> 30 | AR14: =AK14-AT14-AU14 -> 336 | AS14: =IF(AQ14=30,2,IF(AQ14=29,1,0)) -> 2 | AT14: 24 | AU14: =(SUMIFS(F14:AJ14,F14:AJ14,">12")-(COUNTIF(F14:AJ14,">12")*12)) -> 0.5 | AV14: =F14+G14 -> 24 | AY14: A
B15: 6 | C15: PHẠM HOÀNG HỒNG YẾN | D15: KV12415 | E15: 45890 | F15: 12 | G15: 12 | H15: 12 | I15: 12 | J15: 12 | K15: 12 | L15: 12 | M15: 12 | N15: 12 | O15: 12 | P15: 12 | Q15: 12 | R15: 12 | S15: 12.5 | T15: 12 | U15: 12 | V15: 12 | W15: 12 | X15: 12 | Y15: OFF | Z15: 12 | AA15: 12 | AB15: 12 | AC15: 12 | AD15: 12 | AE15: 12 | AF15: 12 | AG15: 12 | AH15: 12 | AI15: OFF | AK15: =SUM(F15:AJ15) -> 336.5 | AL15: =VLOOKUP(C15,[2]T09.2026!$C$41:$E$65,3,0) -> KV12415 | AM15: Nhân Viên | AN15: Phụ cấp cổng | AO15: 200000 | AQ15: =COUNT(F15:AJ15)-COUNTIF(F15:AJ15,0) -> 28 | AR15: =AK15-AT15-AU15 -> 336 | AS15: =IF(AQ15=30,2,IF(AQ15=29,1,0)) -> 0 | AU15: =(SUMIFS(F15:AJ15,F15:AJ15,">12")-(COUNTIF(F15:AJ15,">12")*12)) -> 0.5 | AV15: =F15+G15 -> 24 | AY15: A
B16: 7 | C16: TRẦN ANH HUY | D16: KV12611 | E16: 16/11/2025 | F16: 12 | G16: 12 | H16: 12 | I16: 12 | J16: 12 | K16: 12 | L16: 12 | M16: 12 | N16: 12 | O16: 12 | P16: 12 | Q16: OFF | R16: OFF | S16: OFF | T16: 12.5 | U16: 12 | V16: 12 | W16: 12 | X16: 12 | Y16: 12 | Z16: 12 | AA16: 12 | AB16: 12 | AC16: 12 | AD16: 12 | AE16: OFF | AF16: 12 | AG16: 12 | AH16: 12 | AI16: 12 | AK16: =SUM(F16:AJ16) -> 312.5 | AL16: =VLOOKUP(C16,[2]T09.2026!$C$41:$E$65,3,0) -> KV12611 | AM16: Nhân Viên | AQ16: =COUNT(F16:AJ16)-COUNTIF(F16:AJ16,0) -> 26 | AR16: =AK16-AT16-AU16 -> 312 | AS16: =IF(AQ16=30,2,IF(AQ16=29,1,0)) -> 0 | AU16: =(SUMIFS(F16:AJ16,F16:AJ16,">12")-(COUNTIF(F16:AJ16,">12")*12)) -> 0.5 | AV16: =F16+G16 -> 24 | AY16: A
B17: 8 | C17: LÊ VÕ TRỌNG NHÂN | D17: KV12965 | E17: 22/03/2026 | F17: 12 | G17: 12 | H17: 12 | I17: 12 | J17: 12 | K17: 12 | L17: 12 | M17: 12 | N17: 12 | O17: 12 | P17: 12 | Q17: 12 | R17: 12 | S17: 12 | T17: 9 | U17: 12 | V17: 12 | W17: 12 | X17: 12 | Y17: 12 | Z17: 12 | AA17: 12 | AB17: 12 | AC17: 12 | AD17: 12 | AE17: 12 | AF17: 12 | AG17: OFF | AH17: 12 | AI17: 12 | AK17: =SUM(F17:AJ17) -> 345 | AL17: =VLOOKUP(C17,[2]T09.2026!$C$41:$E$65,3,0) -> KV12965 | AM17: Nhân Viên | AN17: Phụ cấp cổng | AO17: 200000 | AQ17: =COUNT(F17:AJ17)-COUNTIF(F17:AJ17,0) -> 29 | AR17: =AK17-AT17-AU17 -> 333 | AS17: =IF(AQ17=30,2,IF(AQ17=29,1,0)) -> 1 | AT17: 12 | AU17: =(SUMIFS(F17:AJ17,F17:AJ17,">12")-(COUNTIF(F17:AJ17,">12")*12)) -> 0 | AV17: =F17+G17 -> 24
B18: 9 | C18: NGUYỄN THỊ MỸ TÚ | D18: KV13217 | E18: 15/06/2026 | F18: 12 | G18: 12 | H18: 12 | I18: 12 | J18: 12 | K18: OFF | L18: 12 | M18: 12 | N18: 12 | O18: 12 | P18: 12 | Q18: OFF | R18: 12 | S18: 12 | T18: OFF | U18: 12 | V18: 12 | W18: 12 | X18: 12 | Y18: 12 | Z18: 12 | AA18: OFF | AB18: 12 | AC18: 12 | AD18: 12 | AE18: 12 | AF18: 12 | AG18: 12 | AH18: 12 | AI18: 12 | AK18: =SUM(F18:AJ18) -> 312 | AL18: =VLOOKUP(C18,[2]T09.2026!$C$41:$E$65,3,0) -> KV13217 | AM18: Nhân Viên | AN18: Phụ cấp cổng | AO18: 200000 | AQ18: =COUNT(F18:AJ18)-COUNTIF(F18:AJ18,0) -> 26 | AR18: =AK18-AT18-AU18 -> 312 | AS18: =IF(AQ18=30,2,IF(AQ18=29,1,0)) -> 0 | AU18: =(SUMIFS(F18:AJ18,F18:AJ18,">12")-(COUNTIF(F18:AJ18,">12")*12)) -> 0 | AV18: =F18+G18 -> 24
B19: 10 | C19: HÀ LỆ KIM | D19: KV13258 | E19: 25/06/2026 | F19: 12 | G19: 12 | H19: 12 | I19: 12 | J19: 12 | K19: OFF | L19: OFF | M19: 12 | N19: 12 | O19: 12 | P19: 12 | Q19: 12 | R19: 12 | S19: 12 | T19: OFF | U19: OFF | V19: 12 | W19: 12 | X19: 12 | Y19: 12 | Z19: 12 | AA19: 12 | AB19: 12 | AC19: 12 | AD19: 12 | AE19: 12 | AF19: 12 | AG19: 12 | AH19: 12 | AI19: 12 | AK19: =SUM(F19:AJ19) -> 312 | AL19: =VLOOKUP(C19,[2]T09.2026!$C$41:$E$65,3,0) -> KV13258 | AM19: Nhân Viên | AN19: Phụ cấp cổng | AO19: 200000 | AQ19: =COUNT(F19:AJ19)-COUNTIF(F19:AJ19,0) -> 26 | AR19: =AK19-AT19-AU19 -> 312 | AS19: =IF(AQ19=30,2,IF(AQ19=29,1,0)) -> 0 | AU19: =(SUMIFS(F19:AJ19,F19:AJ19,">12")-(COUNTIF(F19:AJ19,">12")*12)) -> 0 | AV19: =F19+G19 -> 24
B20: B | C20: Ca Đêm | AQ20: =COUNT(F20:AJ20)-COUNTIF(F20:AJ20,0) -> 0 | AR20: =AK20-AT20-AU20 -> 0 | AS20: =IF(AQ20=30,2,IF(AQ20=29,1,0)) -> 0 | AU20: =(SUMIFS(F20:AJ20,F20:AJ20,">12")-(COUNTIF(F20:AJ20,">12")*12)) -> 0 | AV20: =F20+G20 -> 0
B21: 1 | C21: PHẠM THỊ KIM LIÊN | D21: KV10972 | E21: 45379 | F21: 12 | G21: 14 | H21: 12 | I21: 12 | J21: 12 | K21: 16 | L21: 12 | M21: 12 | N21: 12 | O21: 12 | P21: 14 | Q21: OFF | R21: 12 | S21: 12 | T21: 16 | U21: 12 | V21: 12 | W21: 12 | X21: 12 | Y21: 12 | Z21: 12 | AA21: 16 | AB21: 12 | AC21: 12 | AD21: 12 | AE21: OFF | AF21: 13.5 | AG21: 12 | AH21: 12 | AI21: 13 | AK21: =SUM(F21:AJ21) -> 354.5 | AL21: =VLOOKUP(C21,[2]T09.2026!$C$41:$E$65,3,0) -> KV10972 | AM21: MO | AQ21: =COUNT(F21:AJ21)-COUNTIF(F21:AJ21,0) -> 28 | AR21: =AK21-AT21-AU21 -> 336 | AS21: =IF(AQ21=30,2,IF(AQ21=29,1,0)) -> 0 | AU21: =(SUMIFS(F21:AJ21,F21:AJ21,">12")-(COUNTIF(F21:AJ21,">12")*12)) -> 18.5 | AV21: =F21+G21 -> 26 | AX21: 400000
B22: 2 | C22: ĐÀO MINH HÀ | D22: KV01766 | E22: 45020 | F22: 12 | G22: 12 | H22: 12 | I22: 12 | J22: 12 | K22: 10 | L22: 12 | M22: 12 | N22: 12 | O22: 12 | P22: 12 | Q22: 12 | R22: 9.5 | S22: 12 | T22: 12 | U22: 12 | V22: 12 | W22: 12 | X22: 11 | Y22: 12 | Z22: 12 | AA22: 12 | AB22: 12 | AC22: 12 | AD22: 12 | AE22: OFF | AF22: 12 | AG22: 12 | AH22: 12 | AI22: 12 | AK22: =SUM(F22:AJ22) -> 342.5 | AL22: =VLOOKUP(C22,[2]T09.2026!$C$41:$E$65,3,0) -> KV01766 | AM22: Nhân Viên | AQ22: =COUNT(F22:AJ22)-COUNTIF(F22:AJ22,0) -> 29 | AR22: =AK22-AT22-AU22 -> 330.5 | AS22: =IF(AQ22=30,2,IF(AQ22=29,1,0)) -> 1 | AT22: 12 | AU22: =(SUMIFS(F22:AJ22,F22:AJ22,">12")-(COUNTIF(F22:AJ22,">12")*12)) -> 0 | AV22: =F22+G22 -> 24 | AX22: 400000
B23: 3 | C23: CHU LÂM TRƯỜNG TOÀN | D23: KV09825 | E23: 45710 | F23: 12 | G23: 12 | H23: 12 | I23: 12 | J23: 12 | K23: 12 | L23: 12 | M23: 12 | N23: 12 | O23: 12 | P23: 12 | Q23: 12 | R23: 13 | S23: 11.5 | T23: 12 | U23: 12 | V23: 12 | W23: 12 | X23: 12 | Y23: 12 | Z23: 12 | AA23: 12 | AB23: 12 | AC23: 12 | AD23: 12 | AE23: 12 | AF23: 12 | AG23: 12 | AH23: 11 | AI23: 12 | AK23: =SUM(F23:AJ23) -> 359.5 | AL23: =VLOOKUP(C23,[2]T09.2026!$C$41:$E$65,3,0) -> KV09825 | AM23: Nhân Viên | AN23: Phụ cấp cổng | AO23: 200000 | AQ23: =COUNT(F23:AJ23)-COUNTIF(F23:AJ23,0) -> 30 | AR23: =AK23-AT23-AU23 -> 335.5 | AS23: =IF(AQ23=30,2,IF(AQ23=29,1,0)) -> 2 | AT23: 23 | AU23: =(SUMIFS(F23:AJ23,F23:AJ23,">12")-(COUNTIF(F23:AJ23,">12")*12)) -> 1 | AV23: =F23+G23 -> 24 | AX23: 400000
B24: 4 | C24: NGUYỄN HOÀNG ANH THƯ | D24: KV13327 | E24: 23/7/2026 | F24: 12 | G24: 12 | H24: 12 | I24: 14 | J24: 16 | K24: 12 | L24: 11 | M24: 12 | N24: 12 | O24: 12 | P24: 15 | Q24: 16 | R24: 12 | S24: OFF | T24: OFF | U24: OFF | V24: OFF | W24: 12 | X24: 12 | Y24: 12 | Z24: 12 | AA24: 16 | AB24: 12 | AC24: 12 | AD24: 12 | AE24: 12 | AF24: 16 | AG24: 12 | AH24: 12 | AI24: 12 | AK24: =SUM(F24:AJ24) -> 332 | AL24: =VLOOKUP(C24,[2]T09.2026!$C$41:$E$65,3,0) -> KV13327 | AM24: Nhân Viên | AN24: Phụ cấp cổng | AO24: 200000 | AQ24: =COUNT(F24:AJ24)-COUNTIF(F24:AJ24,0) -> 26 | AR24: =AK24-AT24-AU24 -> 311 | AS24: =IF(AQ24=30,2,IF(AQ24=29,1,0)) -> 0 | AU24: =(SUMIFS(F24:AJ24,F24:AJ24,">12")-(COUNTIF(F24:AJ24,">12")*12)) -> 21 | AV24: =F24+G24 -> 24 | AX24: 400000
B25: 5 | C25: NGUYỄN ĐÌNH HOÀNG HẢI | D25: KV13332 | E25: 25/07/2026 | F25: 12 | G25: 12 | H25: 12 | I25: 12 | J25: 12 | K25: 12.5 | L25: 12 | M25: 12 | N25: 10 | O25: 12 | P25: 12 | Q25: 13 | R25: 12 | S25: 16 | T25: 11 | U25: 16 | V25: 12 | W25: 12 | X25: 13 | Y25: 13 | Z25: 12 | AA25: 16 | AB25: 12 | AC25: 12 | AD25: 12 | AE25: 13.5 | AF25: 13 | AG25: 16 | AH25: 11 | AI25: 12 | AK25: =SUM(F25:AJ25) -> 378 | AL25: =VLOOKUP(C25,[2]T09.2026!$C$41:$E$65,3,0) -> KV13332 | AM25: Nhân Viên | AQ25: =COUNT(F25:AJ25)-COUNTIF(F25:AJ25,0) -> 30 | AR25: =AK25-AT25-AU25 -> 333 | AS25: =IF(AQ25=30,2,IF(AQ25=29,1,0)) -> 2 | AT25: 23 | AU25: =(SUMIFS(F25:AJ25,F25:AJ25,">12")-(COUNTIF(F25:AJ25,">12")*12)) -> 22 | AV25: =F25+G25 -> 24 | AX25: 400000
B26: 6 | C26: PHẠM LÂM MINH TRÍ | D26: KV08922 | E26: 16/08/2026 | F26: 12 | G26: OFF | H26: 12 | I26: 12 | J26: 12 | K26: 12 | L26: 12 | M26: 12 | N26: 12 | O26: 12 | P26: 12 | Q26: 12 | R26: 12 | S26: 12 | T26: 12 | U26: OFF | V26: OFF | W26: 12 | X26: 12 | Y26: 12 | Z26: 12 | AA26: 12 | AB26: 12 | AC26: 12 | AD26: 12 | AE26: 12 | AF26: 12 | AG26: 12 | AH26: 12 | AI26: 12 | AK26: =SUM(F26:AJ26) -> 324 | AL26: =VLOOKUP(C26,[2]T09.2026!$C$41:$E$65,3,0) -> KV08922 | AM26: Nhân Viên | AN26: Phụ cấp cổng | AO26: 200000 | AQ26: =COUNT(F26:AJ26)-COUNTIF(F26:AJ26,0) -> 27 | AR26: =AK26-AT26-AU26 -> 324 | AS26: =IF(AQ26=30,2,IF(AQ26=29,1,0)) -> 0 | AU26: =(SUMIFS(F26:AJ26,F26:AJ26,">12")-(COUNTIF(F26:AJ26,">12")*12)) -> 0 | AV26: 12 | AX26: 400000
B27: 7 | C27: VŨ HOÀNG LONG | D27: KV13406 | E27: 26/08/2026 | F27: 12 | G27: 12 | H27: 12 | I27: 12 | J27: 12 | K27: 12 | L27: 12 | M27: 12 | N27: 12 | O27: 12 | P27: 12 | Q27: 12 | R27: 12 | S27: 12 | T27: 15 | U27: 12 | V27: 12 | W27: 12 | X27: 12 | Y27: 12 | Z27: 12 | AA27: 12 | AB27: 12 | AC27: 12 | AD27: 12 | AE27: 12 | AF27: 12 | AG27: 12 | AH27: 12 | AI27: 12 | AK27: =SUM(F27:AJ27) -> 363 | AL27: =VLOOKUP(C27,[2]T09.2026!$C$41:$E$65,3,0) -> KV13406 | AM27: Nhân Viên | AN27: Phụ cấp cổng | AO27: 200000 | AQ27: =COUNT(F27:AJ27)-COUNTIF(F27:AJ27,0) -> 30 | AR27: =AK27-AT27-AU27 -> 336 | AS27: =IF(AQ27=30,2,IF(AQ27=29,1,0)) -> 2 | AT27: 24 | AU27: =(SUMIFS(F27:AJ27,F27:AJ27,">12")-(COUNTIF(F27:AJ27,">12")*12)) -> 3 | AV27: =F27+G27 -> 24 | AX27: 400000
B28: 8 | C28: ĐỖ THỊ MINH TÂM | D28: KV10538 | E28: 46082 | F28: NHÂN SỰ SRC CHUYỂN QUA | U28: 12 | V28: 12 | W28: 12 | X28: 12 | Y28: 12 | Z28: 12 | AA28: 12 | AB28: 12 | AC28: 12 | AD28: 12 | AE28: 12 | AF28: 12 | AG28: 12 | AH28: 12 | AI28: 12 | AK28: =SUM(F28:AJ28) -> 180 | AL28: =VLOOKUP(C28,[2]T09.2026!$C$41:$E$65,3,0) -> KV10538 | AM28: Nhân Viên | AN28: Phụ cấp cổng | AO28: 200000 | AQ28: =COUNT(F28:AJ28)-COUNTIF(F28:AJ28,0) -> 15 | AR28: =AK28-AT28-AU28 -> 180 | AS28: =IF(AQ28=30,2,IF(AQ28=29,1,0)) -> 0 | AU28: =(SUMIFS(F28:AJ28,F28:AJ28,">12")-(COUNTIF(F28:AJ28,">12")*12)) -> 0 | AX28: 400000
AK29: =SUM(F29:AJ29) -> 0 | AQ29: =COUNT(F29:AJ29)-COUNTIF(F29:AJ29,0) -> 0 | AR29: =AK29-AT29-AU29 -> 0 | AS29: =IF(AQ29=30,2,IF(AQ29=29,1,0)) -> 0 | AU29: =(SUMIFS(F29:AJ29,F29:AJ29,">12")-(COUNTIF(F29:AJ29,">12")*12)) -> 0 | AV29: =F29+G29 -> 0
B30: C | C30: Cơ động cố định | AK30: =SUM(F30:AJ30) -> 0 | AN30: Ghi chú (ngày đêm) | AQ30: =COUNT(F30:AJ30)-COUNTIF(F30:AJ30,0) -> 0 | AR30: =AK30-AT30-AU30 -> 0 | AS30: =IF(AQ30=30,2,IF(AQ30=29,1,0)) -> 0 | AU30: =(SUMIFS(F30:AJ30,F30:AJ30,">12")-(COUNTIF(F30:AJ30,">12")*12)) -> 0 | AV30: =F30+G30 -> 0
AK31: =SUM(F31:AJ31) -> 0 | AM31: N/V NGHIỆP VỤ | AQ31: =COUNT(F31:AJ31)-COUNTIF(F31:AJ31,0) -> 0 | AR31: =AK31-AT31-AU31 -> 0 | AS31: =IF(AQ31=30,2,IF(AQ31=29,1,0)) -> 0 | AU31: =(SUMIFS(F31:AJ31,F31:AJ31,">12")-(COUNTIF(F31:AJ31,">12")*12)) -> 0 | AV31: =F31+G31 -> 0
B32: D | C32: Đến hỗ trợ Ca Ngày | AK32: =SUM(F32:AJ32) -> 0 | AQ32: =COUNT(F32:AJ32)-COUNTIF(F32:AJ32,0) -> 0 | AR32: =AK32-AT32-AU32 -> 0 | AS32: =IF(AQ32=30,2,IF(AQ32=29,1,0)) -> 0 | AU32: =(SUMIFS(F32:AJ32,F32:AJ32,">12")-(COUNTIF(F32:AJ32,">12")*12)) -> 0 | AV32: =F32+G32 -> 0
B33: 1 | C33: THẨM QUANG TRUNG PHÚC | D33: KV13367 | E33: CĐ | L33: 12 | AJ33: =SUM(U33:AI33) -> 0 | AM33: N/V NGHIỆP VỤ | AQ33: =COUNT(F33:AJ33)-COUNTIF(F33:AJ33,0) -> 1 | AR33: =AK33-AT33-AU33 -> 0 | AS33: =IF(AQ33=30,2,IF(AQ33=29,1,0)) -> 0 | AU33: =(SUMIFS(F33:AJ33,F33:AJ33,">12")-(COUNTIF(F33:AJ33,">12")*12)) -> 0 | AV33: =F33+G33 -> 0
B34: 2 | C34: NGUYỄN HOÀI KHÁNH | D34: KV11416 | S34: 4 | U34: 4 | AA34: 5 | AK34: =SUM(F34:AJ34) -> 13 | AL34: =VLOOKUP(C34,[2]T09.2026!$C$41:$E$65,3,0) -> KV11416 | AM34: N/V NGHIỆP VỤ | AQ34: =COUNT(F34:AJ34)-COUNTIF(F34:AJ34,0) -> 3 | AR34: =AK34-AT34-AU34 -> 13 | AS34: =IF(AQ34=30,2,IF(AQ34=29,1,0)) -> 0 | AU34: =(SUMIFS(F34:AJ34,F34:AJ34,">12")-(COUNTIF(F34:AJ34,">12")*12)) -> 0 | AV34: =F34+G34 -> 0
B35: 3 | C35: NGUYỄN HOÀI THIÊN PHÚC | D35: KV13111 | E35: CĐ | T35: 12 | V35: 12 | AA35: 5 | AJ35: =SUM(U35:AI35) -> 17 | AM35: N/V NGHIỆP VỤ | AQ35: =COUNT(F35:AJ35)-COUNTIF(F35:AJ35,0) -> 4 | AR35: =AK35-AT35-AU35 -> -5 | AS35: =IF(AQ35=30,2,IF(AQ35=29,1,0)) -> 0 | AU35: =(SUMIFS(F35:AJ35,F35:AJ35,">12")-(COUNTIF(F35:AJ35,">12")*12)) -> 5 | AV35: =F35+G35 -> 0
B36: 4 | C36: NGUYỄN PHÚC THÀNH | D36: KV13167 | E36: CĐ | W36: 12 | AJ36: =SUM(U36:AI36) -> 12 | AM36: N/V NGHIỆP VỤ | AQ36: =COUNT(F36:AJ36)-COUNTIF(F36:AJ36,0) -> 2 | AR36: =AK36-AT36-AU36 -> 0 | AS36: =IF(AQ36=30,2,IF(AQ36=29,1,0)) -> 0 | AU36: =(SUMIFS(F36:AJ36,F36:AJ36,">12")-(COUNTIF(F36:AJ36,">12")*12)) -> 0 | AV36: =F36+G36 -> 0
B37: 5 | C37: NGUYỄN VĂN NHÂN | D37: KV13007 | AI37: 12 | AK37: =SUM(F37:AJ37) -> 12 | AL37: =VLOOKUP(C37,[2]T09.2026!$C$41:$E$65,3,0) -> KV13007 | AM37: N/V NGHIỆP VỤ | AQ37: =COUNT(F37:AJ37)-COUNTIF(F37:AJ37,0) -> 1 | AR37: =AK37-AT37-AU37 -> 12 | AS37: =IF(AQ37=30,2,IF(AQ37=29,1,0)) -> 0 | AU37: =(SUMIFS(F37:AJ37,F37:AJ37,">12")-(COUNTIF(F37:AJ37,">12")*12)) -> 0 | AV37: =F37+G37 -> 0
B38: E | C38: Đến hỗ trợ Ca Đêm | AJ38: =SUM(AJ33:AJ37) -> 29 | AQ38: =COUNT(F38:AJ38)-COUNTIF(F38:AJ38,0) -> 1 | AR38: =AK38-AT38-AU38 -> 0 | AS38: =IF(AQ38=30,2,IF(AQ38=29,1,0)) -> 0 | AV38: =F38+G38 -> 0
B39: 1 | C39: BÙI HỮU TRỌNG | D39: KV13334 | S39: 12 | T39: 12 | AK39: =SUM(F39:AJ39) -> 24 | AL39: =VLOOKUP(C39,[2]T09.2026!$C$41:$E$65,3,0) -> KV13334 | AM39: N/V NGHIỆP VỤ | AQ39: =COUNT(F39:AJ39)-COUNTIF(F39:AJ39,0) -> 2 | AR39: =AK39-AT39-AU39 -> 24 | AS39: =IF(AQ39=30,2,IF(AQ39=29,1,0)) -> 0 | AU39: =(SUMIFS(F39:AJ39,F39:AJ39,">12")-(COUNTIF(F39:AJ39,">12")*12)) -> 0 | AV39: =F39+G39 -> 0
B40: 2 | C40: ĐẶNG LƯ PHƯƠNG HIẾU | D40: KV13261 | AA40: 12 | AK40: =SUM(F40:AJ40) -> 12 | AL40: =VLOOKUP(C40,[2]T09.2026!$C$41:$E$65,3,0) -> KV13261 | AM40: N/V NGHIỆP VỤ | AQ40: =COUNT(F40:AJ40)-COUNTIF(F40:AJ40,0) -> 1 | AR40: =AK40-AT40-AU40 -> 12 | AS40: =IF(AQ40=30,2,IF(AQ40=29,1,0)) -> 0 | AU40: =(SUMIFS(F40:AJ40,F40:AJ40,">12")-(COUNTIF(F40:AJ40,">12")*12)) -> 0 | AV40: =F40+G40 -> 0
B41: 3 | AK41: =SUM(F41:AJ41) -> 0 | AM41: N/V NGHIỆP VỤ | AQ41: =COUNT(F41:AJ41)-COUNTIF(F41:AJ41,0) -> 0 | AR41: =AK41-AT41-AU41 -> 0 | AS41: =IF(AQ41=30,2,IF(AQ41=29,1,0)) -> 0 | AU41: =(SUMIFS(F41:AJ41,F41:AJ41,">12")-(COUNTIF(F41:AJ41,">12")*12)) -> 0 | AV41: =F41+G41 -> 0
B42: F | C42: Đi hỗ trợ | AK42: =SUM(AK10:AK41) -> 5655 | AQ42: =COUNT(F42:AJ42)-COUNTIF(F42:AJ42,0) -> 0 | AR42: =AK42-AT42-AU42 -> 5655 | AS42: =IF(AQ42=30,2,IF(AQ42=29,1,0)) -> 0 | AU42: =(SUMIFS(F42:AJ42,F42:AJ42,">12")-(COUNTIF(F42:AJ42,">12")*12)) -> 0 | AV42: =F42+G42 -> 0
B43: 1 | C43: TRỊNH HẢI ANH | D43: KV12085 | AQ43: =COUNT(F43:AJ43)-COUNTIF(F43:AJ43,0) -> 0 | AR43: =AK43-AT43-AU43 -> 0 | AS43: =IF(AQ43=30,2,IF(AQ43=29,1,0)) -> 0 | AU43: =(SUMIFS(F43:AJ43,F43:AJ43,">12")-(COUNTIF(F43:AJ43,">12")*12)) -> 0 | AV43: =F43+G43 -> 0
B44: 2 | C44: GỊP DUY BÌNH | D44: KV08846 | J44: AETP | K44: AETP | Q44: AETP | R44: AETP | X44: AETP | Y44: AETP | AE44: AETP | AF44: AETP
B45: 3 | C45: LÊ VÕ TRỌNG NHÂN | D45: KV12965 | J45: AETP | Q45: AETP | Y45: AETP | AE45: AETP
B46: 4 | C46: TRẦN ANH HUY | D46: KV12611 | K46: AETP
B47: 5 | C47: PHẠM HỒNG HOÀNG YÊN | D47: KV12415 | R47: AETP | X47: AETP | AF47: AETP

Sheet SRCS
B1: BẢNG CHẤM CÔNG NHÂN VIÊN THÁNG 10/2019 | AM1: - Những cột có dấu (*) là bắt buộc người chấm công phải nhập dữ liệu (nếu có)
B2: ( Từ Ngày 01/10/2019 Đến 31/10/2019 )
C3: Bãi xe:SRCS | AM3: Phần nhập của Quản lý Bãi xe | AQ3: Phần nhập của Phòng HCNS
AM4: (*) | AN4: (*) | AO4: (*) | AP4: (*)
C5: 1 | D5: 1 | E5: 2 | F5: 3 | G5: 4 | H5: 5 | I5: 6 | J5: 7 | K5: 8 | L5: 9 | M5: 10 | N5: 11 | O5: 12 | P5: 13 | Q5: 14 | R5: 15 | S5: 16 | T5: 17 | U5: 18 | V5: 19 | W5: 20 | X5: 21 | Y5: 22 | Z5: 23 | AA5: 24 | AB5: 25 | AC5: 26 | AD5: 27 | AE5: 28 | AF5: 29 | AG5: 30 | AH5: 31 | AI5: 32 | AJ5: 33 | AK5: 34 | AL5: 35 | AM5: 36 | AN5: 37 | AO5: 38 | AP5: 39 | AQ5: 40 | AR5: 41 | AS5: 42 | AT5: 43 | AU5: 44 | AV5: 45 | AW5: 46 | AX5: 47 | AY5: 48
B6: Phần in ra cho Nhân viên ký xác nhận
B7: STT | C7: HỌ VÀ TÊN | D7: Thứ | F7: =TEXT(F8,"ddd") -> T3 | G7: =TEXT(G8,"ddd") -> T4 | H7: =TEXT(H8,"ddd") -> T5 | I7: =TEXT(I8,"ddd") -> T6 | J7: =TEXT(J8,"ddd") -> T7 | K7: =TEXT(K8,"ddd") -> CN | L7: =TEXT(L8,"ddd") -> T2 | M7: =TEXT(M8,"ddd") -> T3 | ... AJ7: =TEXT(AJ8,"ddd") | AL7: NV Ký Xác nhận | AM7: Thông tin Tham chiếu | AQ7: Giờ công (h) | AX7: Đánh giá
D8: Ngày | F8: =DATE(SGP!D7,SGP!D6,1) -> 46266 | G8: =IFERROR(IF(F8+1<=EOMONTH(F8,0),F8+1,""),"") -> 46267 | H8: =IFERROR(IF(G8+1<=EOMONTH(G8,0),G8+1,""),"") -> 46268 | I8: =IFERROR(IF(H8+1<=EOMONTH(H8,0),H8+1,""),"") -> 46269 | J8: =IFERROR(IF(I8+1<=EOMONTH(I8,0),I8+1,""),"") -> 46270 | K8: =IFERROR(IF(J8+1<=EOMONTH(J8,0),J8+1,""),"") -> 46271 | L8: =IFERROR(IF(K8+1<=EOMONTH(K8,0),K8+1,""),"") -> 46272 | M8: =IFERROR(IF(L8+1<=EOMONTH(L8,0),L8+1,""),"") -> 46273 | N8: =IFERROR(IF(M8+1<=EOMONTH(M8,0),M8+1,""),"") -> 46274 | ... AJ8: =IFERROR(IF(AI8+1<=EOMONTH(AI8,0),AI8+1,""),"") | AK8: Tổng giờ Công | AM8: Đối tượng / Chức vụ | AN8: Ghi chú (ghi chú phụ cấp) | AO8: Bãi xe (chỉ ghi khi có NV đến hỗ trợ) | AP8: Ca làm việc | AQ8: Tổng số ngày Làm việc trong tháng | AR8: Giờ công thường 1.0 | AS8: Số ngày tăng ca ngày nghỉ | AT8: Tăng ca ngày 1.3 | AU8: Tăng ca giờ 1.5 | AV8: Tăng ca Lễ 2.0 | AW8: Tăng ca tết 3.0 | AX8: Bãi xe Đánh giá | AY8: P. Nhân sự đánh giá
B9: A | C9: Ca Ngày | D9: MSNV | AN9: 2 cổng | AX9: 0 | AY9: #N/A
B10: 1 | C10: Ng Ng Thượng Hiền | F10: 12 | G10: 12 | H10: 12 | I10: OFF | J10: OFF | K10: 12 | L10: 12 | M10: 12 | N10: 12 | O10: 12 | P10: 12 | Q10: 12 | R10: OFF | S10: 12 | T10: 12 | U10: 12 | V10: 12 | W10: 12 | X10: 12 | Y10: OFF | Z10: 12 | AA10: 12 | AB10: 12 | AC10: 12 | AD10: 12 | AE10: 12 | AF10: OFF | AG10: 12 | AH10: 12 | AI10: 12 | AM10: Đội trưởng | AS10: =IF(AQ10=30,2,IF(AQ10=29,1,0)) -> 0 | AY10: A
B11: 2 | C11: La Bảo Hòa | D11: KV03480 | F11: 12 | G11: OFF | H11: 12 | I11: 12 | J11: 12 | K11: OFF | L11: 12 | M11: 12 | N11: 12 | O11: 14 | P11: 12 | Q11: 12 | R11: 12 | S11: 12 | T11: 12 | U11: 12 | V11: 12 | W11: OFF | X11: 12 | Y11: 12 | Z11: 12 | AA11: 12 | AB11: 12 | AC11: 12 | AD11: 12 | AE11: OFF | AF11: 12 | AG11: 12 | AH11: 12 | AI11: 12 | AK11: =SUM(F11:AJ11) -> 314 | AL11: =VLOOKUP(C11,[2]T09.2026!$C$69:$E$93,3,0) -> KV03480 | AM11: Ca phó | AQ11: =COUNT(F11:AJ11)-COUNTIF(F11:AJ11,0) -> 26 | AR11: =AK11-AT11-AU11 -> 312 | AS11: =IF(AQ11=30,2,IF(AQ11=29,1,0)) -> 0 | AU11: =(SUMIFS(F11:AJ11,F11:AJ11,">12")-(COUNTIF(F11:AJ11,">12")*12)) -> 2 | AV11: 12 | AY11: A
B12: 3 | C12: Nguyễn Xuân Chiêu | D12: KV02925 | F12: 12 | G12: 12 | H12: 12 | I12: 12 | J12: 12 | K12: 12 | L12: 12 | M12: 12 | N12: 12 | O12: 12 | P12: 12 | Q12: 12 | R12: 12 | S12: 12 | T12: OFF | U12: 12 | V12: 12 | W12: 12 | X12: 12 | Y12: 12 | Z12: 12 | AA12: 12 | AB12: 12 | AC12: 12 | AD12: 12 | AE12: 12 | AF12: 12 | AG12: 12 | AH12: 12 | AI12: 12 | AK12: =SUM(F12:AJ12) -> 348 | AL12: =VLOOKUP(C12,[2]T09.2026!$C$69:$E$93,3,0) -> KV02925 | AM12: Nhân Viên Chính Thức | AQ12: =COUNT(F12:AJ12)-COUNTIF(F12:AJ12,0) -> 29 | AR12: =AK12-AT12-AU12 -> 336 | AS12: =IF(AQ12=30,2,IF(AQ12=29,1,0)) -> 1 | AT12: 12 | AU12: =(SUMIFS(F12:AJ12,F12:AJ12,">12")-(COUNTIF(F12:AJ12,">12")*12)) -> 0 | AV12: =F12+G12 -> 24 | AY12: A
B13: 4 | C13: Lê Hiệp | D13: KV03055 | F13: 12 | G13: 12 | H13: 12 | I13: 12 | J13: 12 | K13: 12 | L13: 12 | M13: 12 | N13: 12 | O13: 12 | P13: 12 | Q13: 12 | R13: 12 | S13: 12 | T13: 12 | U13: 12 | V13: 12 | W13: 12 | X13: 12 | Y13: OFF | Z13: 12 | AA13: 12 | AB13: 12 | AC13: 12 | AD13: 12 | AE13: 12 | AF13: 12 | AG13: 12 | AH13: 12 | AI13: 12 | AK13: =SUM(F13:AJ13) -> 348 | AL13: =VLOOKUP(C13,[2]T09.2026!$C$69:$E$93,3,0) -> KV03055 | AM13: Nhân Viên Chính Thức | AQ13: =COUNT(F13:AJ13)-COUNTIF(F13:AJ13,0) -> 29 | AR13: =AK13-AT13-AU13 -> 336 | AS13: =IF(AQ13=30,2,IF(AQ13=29,1,0)) -> 1 | AT13: 12 | AU13: =(SUMIFS(F13:AJ13,F13:AJ13,">12")-(COUNTIF(F13:AJ13,">12")*12)) -> 0 | AV13: =F13+G13 -> 24 | AY13: A
B14: 5 | C14: Hoàng Thị Thu Hồng | D14: KV11590 | F14: 17 | G14: 12 | H14: 7 | I14: 12 | J14: 12 | K14: 12 | L14: 12 | M14: 12 | N14: 12 | O14: 15 | P14: 12 | Q14: 12 | R14: 12 | S14: 12 | T14: 12 | U14: 12 | V14: 12 | W14: 12 | X14: 12 | Y14: 12 | Z14: 12 | AA14: 12 | AB14: 12 | AC14: OFF | AD14: 12 | AE14: 12 | AF14: 12 | AG14: 12 | AH14: 12 | AI14: 12 | AK14: =SUM(F14:AJ14) -> 351 | AL14: =VLOOKUP(C14,[2]T09.2026!$C$69:$E$93,3,0) -> KV11590 | AM14: Nhân Viên Chính Thức | AN14: P/C Cổng vào, 300 | AO14: 300000 | AQ14: =COUNT(F14:AJ14)-COUNTIF(F14:AJ14,0) -> 29 | AR14: =AK14-AT14-AU14 -> 331 | AS14: =IF(AQ14=30,2,IF(AQ14=29,1,0)) -> 1 | AT14: 12 | AU14: =(SUMIFS(F14:AJ14,F14:AJ14,">12")-(COUNTIF(F14:AJ14,">12")*12)) -> 8 | AV14: =F14+G14 -> 29 | AY14: A
B15: 6 | C15: Lê Phước Hữu | D15: KV06173 | F15: 12 | G15: 12 | H15: 12 | I15: 12 | J15: 12 | K15: 12 | L15: 12 | M15: 12 | N15: 12 | O15: 12 | P15: 12 | Q15: 12 | R15: 12 | S15: 12 | T15: 12 | U15: 12 | V15: 12 | W15: 12 | X15: 12 | Y15: 12 | Z15: 12 | AA15: 12 | AB15: 12 | AC15: 12 | AD15: 12 | AE15: 12 | AF15: 12 | AG15: 12 | AH15: 12 | AI15: 12 | AK15: =SUM(F15:AJ15) -> 360 | AL15: =VLOOKUP(C15,[2]T09.2026!$C$69:$E$93,3,0) -> KV06173 | AM15: Nhân Viên Chính Thức | AN15: P/C Cổng vào, 200 | AO15: 200000 | AQ15: =COUNT(F15:AJ15)-COUNTIF(F15:AJ15,0) -> 30 | AR15: =AK15-AT15-AU15 -> 336 | AS15: =IF(AQ15=30,2,IF(AQ15=29,1,0)) -> 2 | AT15: 24 | AU15: =(SUMIFS(F15:AJ15,F15:AJ15,">12")-(COUNTIF(F15:AJ15,">12")*12)) -> 0 | AV15: =F15+G15 -> 24
B16: 7 | C16: Trương Văn Rẻn | D16: KV12312 | F16: HLR | G16: 12 | H16: 12 | I16: 12 | J16: 12 | K16: 12 | L16: 12 | M16: 12 | N16: 12 | O16: 12 | P16: 12 | Q16: 8 | R16: 12 | S16: 12 | T16: 12 | U16: 12 | V16: 12 | W16: 12 | X16: 12 | Y16: 12 | Z16: OFF | AA16: 12 | AB16: 12 | AC16: 12 | AD16: 12 | AE16: 12 | AF16: 12 | AG16: 12 | AH16: 12 | AI16: 12 | AK16: =SUM(F16:AJ16) -> 332 | AL16: =VLOOKUP(C16,[2]T09.2026!$C$69:$E$93,3,0) -> KV12312 | AM16: Nhân Viên Chính Thức | AQ16: =COUNT(F16:AJ16)-COUNTIF(F16:AJ16,0) -> 28 | AR16: =AK16-AT16-AU16 -> 320 | AS16: =IF(AQ16=30,2,IF(AQ16=29,1,0)) -> 0 | AT16: 12 | AU16: =(SUMIFS(F16:AJ16,F16:AJ16,">12")-(COUNTIF(F16:AJ16,">12")*12)) -> 0 | AV16: 12 | AY16: A
B17: 8 | C17: Vưu Hớn Long | D17: KV06862 | F17: 12 | G17: 12 | H17: 12 | I17: 12 | J17: 12 | K17: 12 | L17: 12 | M17: 12 | N17: 12 | O17: Chuyển Bãi | AK17: =SUM(F17:AJ17) -> 108 | AL17: =VLOOKUP(C17,[2]T09.2026!$C$69:$E$93,3,0) -> KV06862 | AQ17: =COUNT(F17:AJ17)-COUNTIF(F17:AJ17,0) -> 9 | AR17: =AK17-AT17-AU17 -> 108 | AS17: =IF(AQ17=30,2,IF(AQ17=29,1,0)) -> 0 | AU17: =(SUMIFS(F17:AJ17,F17:AJ17,">12")-(COUNTIF(F17:AJ17,">12")*12)) -> 0 | AV17: =F17+G17 -> 24 | AY17: A
B18: 9 | C18: Huỳnh Thiên Trinh | D18: KV13456 | E18: 46273 | F18: Nhân Sự Mới | M18: 12 | N18: 12 | O18: 12 | P18: 12 | Q18: 12 | R18: 12 | S18: 12 | T18: 12 | U18: 12 | V18: 12 | W18: 12 | X18: 12 | Y18: 12 | Z18: 12 | AA18: 12 | AB18: 12 | AC18: 12 | AD18: 12 | AE18: 12 | AF18: 12 | AG18: 12 | AH18: 12 | AI18: 12 | AK18: =SUM(F18:AJ18) -> 276 | AL18: =VLOOKUP(C18,[2]T09.2026!$C$69:$E$93,3,0) -> KV13456 | AM18: Nhân Viên Chính Thức | AN18: P/C Cổng ra | AO18: 200000 | AQ18: =COUNT(F18:AJ18)-COUNTIF(F18:AJ18,0) -> 23 | AR18: =AK18-AT18-AU18 -> 276 | AS18: =IF(AQ18=30,2,IF(AQ18=29,1,0)) -> 0 | AU18: =(SUMIFS(F18:AJ18,F18:AJ18,">12")-(COUNTIF(F18:AJ18,">12")*12)) -> 0
B19: 10 | C19: Huỳnh Thanh Toàn | D19: KV12962 | E19: 46102 | F19: Nhân Sự Mới | O19: 12 | P19: 12 | Q19: 12 | R19: 12 | S19: 12 | T19: 12 | U19: 12 | V19: 12 | W19: 12 | X19: 12 | Y19: BỎ VIỆC | AK19: =SUM(F19:AJ19) -> 120 | AL19: =VLOOKUP(C19,[2]T09.2026!$C$69:$E$93,3,0) -> KV12962 | AQ19: =COUNT(F19:AJ19)-COUNTIF(F19:AJ19,0) -> 10 | AR19: =AK19-AT19-AU19 -> 120 | AS19: =IF(AQ19=30,2,IF(AQ19=29,1,0)) -> 0 | AU19: =(SUMIFS(F19:AJ19,F19:AJ19,">12")-(COUNTIF(F19:AJ19,">12")*12)) -> 0 | AY19: A
B20: B | C20: Ca Đêm | D20: MSNV | AQ20: =COUNT(F20:AJ20)-COUNTIF(F20:AJ20,0) -> 0 | AR20: =AK20-AT20-AU20 -> 0 | AS20: =IF(AQ20=30,2,IF(AQ20=29,1,0)) -> 0 | AU20: =(SUMIFS(F20:AJ20,F20:AJ20,">12")-(COUNTIF(F20:AJ20,">12")*12)) -> 0 | AV20: =F20+G20 -> 0 | AY20: A
B21: 1 | C21: Lê Ngọc Hoàng Anh | D21: KV10866 | O21: 13 | P21: 13 | Q21: 13 | R21: 13 | S21: 13 | T21: 13 | U21: 13 | V21: 13 | W21: 12 | X21: 14 | Y21: 12 | Z21: 12 | AA21: 12 | AB21: 14 | AC21: 14 | AD21: 12 | AE21: 14 | AF21: 12 | AG21: 12 | AH21: 12 | AI21: 12 | AK21: =SUM(F21:AJ21) -> 268 | AL21: =VLOOKUP(C21,[2]T09.2026!$C$69:$E$93,3,0) -> KV10866 | AQ21: =COUNT(F21:AJ21)-COUNTIF(F21:AJ21,0) -> 21 | AR21: =AK21-AT21-AU21 -> 228 | AS21: =IF(AQ21=30,2,IF(AQ21=29,1,0)) -> 0 | AT21: 24 | AU21: =(SUMIFS(F21:AJ21,F21:AJ21,">12")-(COUNTIF(F21:AJ21,">12")*12)) -> 16 | AV21: =F21+G21 -> 0 | AX21: 400000 | AY21: A
B22: 2 | C22: Nguyễn Thanh Hiền | D22: KV02333 | F22: 12 | G22: 16 | H22: 12 | I22: 12 | J22: 12 | K22: 12 | L22: 12 | M22: 12 | N22: 12 | O22: 12 | P22: 12 | Q22: 12 | R22: 12 | S22: 12 | T22: 12 | U22: 12 | V22: 12 | W22: 12 | X22: 12 | Y22: 12 | Z22: 12 | AA22: 12 | AB22: 12 | AC22: 12 | AD22: 12 | AE22: 12 | AF22: 12 | AG22: 12 | AH22: 12 | AI22: 12 | AK22: =SUM(F22:AJ22) -> 364 | AL22: =VLOOKUP(C22,[2]T09.2026!$C$69:$E$93,3,0) -> KV02333 | AM22: MO | AN22: P/C Cổng vào, 200 | AO22: 200000 | AQ22: =COUNT(F22:AJ22)-COUNTIF(F22:AJ22,0) -> 30 | AR22: =AK22-AT22-AU22 -> 336 | AS22: =IF(AQ22=30,2,IF(AQ22=29,1,0)) -> 2 | AT22: 24 | AU22: =(SUMIFS(F22:AJ22,F22:AJ22,">12")-(COUNTIF(F22:AJ22,">12")*12)) -> 4 | AV22: =F22+G22 -> 28 | AX22: 400000 | AY22: A
B23: 3 | C23: Nguyễn Duy Dũng | D23: KV05891 | F23: 12 | G23: 12 | H23: 12 | I23: 12 | J23: 12 | K23: 12 | L23: 12 | M23: 12 | N23: 12 | O23: 12 | P23: 12 | Q23: 12 | R23: 12 | S23: 12 | T23: 12 | U23: 12 | V23: 12 | W23: 12 | X23: 12 | Y23: 12 | Z23: 12 | AA23: 12 | AB23: 12 | AC23: 12 | AD23: 12 | AE23: 12 | AF23: 12 | AG23: 12 | AH23: 12 | AI23: 12 | AK23: =SUM(F23:AJ23) -> 360 | AL23: =VLOOKUP(C23,[2]T09.2026!$C$69:$E$93,3,0) -> KV05891 | AM23: Nhân Viên Chính Thức | AQ23: =COUNT(F23:AJ23)-COUNTIF(F23:AJ23,0) -> 30 | AR23: =AK23-AT23-AU23 -> 336 | AS23: =IF(AQ23=30,2,IF(AQ23=29,1,0)) -> 2 | AT23: 24 | AU23: =(SUMIFS(F23:AJ23,F23:AJ23,">12")-(COUNTIF(F23:AJ23,">12")*12)) -> 0 | AV23: =F23+G23 -> 24 | AX23: 400000 | AY23: A
B24: 4 | C24: Nguyễn Văn Phước | D24: KV11865 | F24: 16 | G24: 16 | H24: 10 | I24: 17 | J24: 17 | K24: 12 | L24: 12 | M24: 12 | N24: 12 | O24: 12 | P24: 12 | Q24: 12 | R24: 12 | S24: 12 | T24: 12 | U24: 12 | V24: 12 | W24: 12 | X24: SA THẢI | AK24: =SUM(F24:AJ24) -> 232 | AL24: =VLOOKUP(C24,[2]T09.2026!$C$69:$E$93,3,0) -> KV11865 | AM24: Nhân Viên Chính Thức | AQ24: =COUNT(F24:AJ24)-COUNTIF(F24:AJ24,0) -> 18 | AR24: =AK24-AT24-AU24 -> 214 | AS24: =IF(AQ24=30,2,IF(AQ24=29,1,0)) -> 0 | AU24: =(SUMIFS(F24:AJ24,F24:AJ24,">12")-(COUNTIF(F24:AJ24,">12")*12)) -> 18 | AV24: =F24+G24 -> 32 | AX24: 400000 | AY24: A
B25: 5 | C25: Trần Văn Vân | D25: KV12982 | F25: 12 | G25: 12 | H25: 12 | I25: 12 | J25: 12 | K25: 12 | L25: 12 | M25: 12 | N25: 12 | O25: 12 | P25: 12 | Q25: 12 | R25: 12 | S25: 12 | T25: 12 | U25: 12 | V25: 12 | W25: 12 | X25: 12 | Y25: 12 | Z25: 12 | AA25: 12 | AB25: 12 | AC25: 12 | AD25: 12 | AE25: 12 | AF25: 12 | AG25: 12 | AH25: 12 | AI25: 12 | AK25: =SUM(F25:AJ25) -> 360 | AL25: =VLOOKUP(C25,[2]T09.2026!$C$69:$E$93,3,0) -> KV12982 | AM25: Nhân Viên Chính Thức | AQ25: =COUNT(F25:AJ25)-COUNTIF(F25:AJ25,0) -> 30 | AR25: =AK25-AT25-AU25 -> 336 | AS25: =IF(AQ25=30,2,IF(AQ25=29,1,0)) -> 2 | AT25: 24 | AU25: =(SUMIFS(F25:AJ25,F25:AJ25,">12")-(COUNTIF(F25:AJ25,">12")*12)) -> 0 | AV25: =F25+G25 -> 24 | AX25: 400000 | AY25: A
B26: 6 | C26: Nguyễn Việt Linh | D26: KV11379 | F26: OFF | G26: 12 | H26: 12 | I26: 12 | J26: 12 | K26: 12 | L26: 12 | M26: 12 | N26: 12 | O26: 12 | P26: OFF | Q26: OFF | R26: ht | S26: 12 | T26: ht | U26: ht | V26: ht | W26: 12 | X26: 9 | Y26: 10 | Z26: OFF | AA26: 12 | AB26: 12 | AC26: 12 | AD26: 12 | AE26: 12 | AF26: 12 | AG26: 12 | AH26: 12 | AI26: 12 | AK26: =SUM(F26:AJ26) -> 259 | AL26: =VLOOKUP(C26,[2]T09.2026!$C$69:$E$93,3,0) -> KV11379 | AM26: Nhân Viên Chính Thức | AN26: P/C Cổng vào, 300 | AO26: 300000 | AQ26: =COUNT(F26:AJ26)-COUNTIF(F26:AJ26,0) -> 22 | AR26: =AK26-AT26-AU26 -> 259 | AS26: =IF(AQ26=30,2,IF(AQ26=29,1,0)) -> 0 | AU26: =(SUMIFS(F26:AJ26,F26:AJ26,">12")-(COUNTIF(F26:AJ26,">12")*12)) -> 0 | AV26: 12 | AX26: 400000 | AY26: A
B27: 7 | C27: Nguyễn Thanh Tâm | D27: KV13396 | F27: 12 | G27: 12 | H27: OFF | I27: 12 | J27: 12 | K27: 12 | L27: 12 | M27: 12 | N27: 12 | O27: OFF | P27: 12 | Q27: 12 | R27: 12 | S27: 12 | T27: 12 | U27: 12 | V27: 12 | W27: OFF | X27: 12 | Y27: 12 | Z27: 12 | AA27: 12 | AB27: NGHỈ VIỆC | AK27: =SUM(F27:AJ27) -> 228 | AL27: =VLOOKUP(C27,[2]T09.2026!$C$69:$E$93,3,0) -> KV13396 | AQ27: =COUNT(F27:AJ27)-COUNTIF(F27:AJ27,0) -> 19 | AR27: =AK27-AT27-AU27 -> 228 | AS27: =IF(AQ27=30,2,IF(AQ27=29,1,0)) -> 0 | AU27: =(SUMIFS(F27:AJ27,F27:AJ27,">12")-(COUNTIF(F27:AJ27,">12")*12)) -> 0 | AV27: =F27+G27 -> 24 | AX27: 400000
B28: 8 | C28: Lê Ngọc Hiếu | D28: KV13414 | F28: 12 | G28: 12 | H28: 12 | I28: OFF | J28: 12 | K28: 12 | L28: 12 | M28: 12 | N28: 12 | O28: 12 | P28: 12 | Q28: 12 | R28: 12 | S28: 12 | T28: 12 | U28: 12 | V28: 12 | W28: 12 | X28: 12 | Y28: 12 | Z28: 12 | AA28: 12 | AB28: 12 | AC28: 12 | AD28: OFF | AE28: 12 | AF28: 12 | AG28: 12 | AH28: 12 | AI28: 12 | AK28: =SUM(F28:AJ28) -> 336 | AL28: =VLOOKUP(C28,[2]T09.2026!$C$69:$E$93,3,0) -> KV13414 | AN28: PC CỔNG RA | AO28: 200000 | AQ28: =COUNT(F28:AJ28)-COUNTIF(F28:AJ28,0) -> 28 | AR28: =AK28-AT28-AU28 -> 336 | AS28: =IF(AQ28=30,2,IF(AQ28=29,1,0)) -> 0 | AU28: =(SUMIFS(F28:AJ28,F28:AJ28,">12")-(COUNTIF(F28:AJ28,">12")*12)) -> 0 | AV28: =F28+G28 -> 24 | AX28: 400000
B29: 9 | C29: Võ Nhựt Phát | D29: KV11914 | E29: 45726 | F29: Nhân Sự Mới | AB29: 12 | AC29: 12 | AD29: 12 | AE29: 12 | AF29: 12 | AG29: 12 | AH29: 12 | AI29: 12 | AK29: =SUM(F29:AJ29) -> 96 | AL29: =VLOOKUP(C29,[2]T09.2026!$C$69:$E$93,3,0) -> KV11914 | AQ29: =COUNT(F29:AJ29)-COUNTIF(F29:AJ29,0) -> 8 | AR29: =AK29-AT29-AU29 -> 72 | AS29: =IF(AQ29=30,2,IF(AQ29=29,1,0)) -> 0 | AT29: 24 | AU29: =(SUMIFS(F29:AJ29,F29:AJ29,">12")-(COUNTIF(F29:AJ29,">12")*12)) -> 0 | AX29: 400000
C31: Cơ Động | AQ31: =COUNT(F31:AJ31)-COUNTIF(F31:AJ31,0) -> 0 | AR31: =AK31-AT31-AU31 -> 0 | AS31: =IF(AQ31=30,2,IF(AQ31=29,1,0)) -> 0 | AU31: =(SUMIFS(F31:AJ31,F31:AJ31,">12")-(COUNTIF(F31:AJ31,">12")*12)) -> 0 | AV31: =F31+G31 -> 0
C32: Bùi Hữu Trọng | D32: KV13334 | H32: 12 | AK32: =SUM(F32:AJ32) -> 12 | AL32: =VLOOKUP(C32,[2]T09.2026!$C$69:$E$93,3,0) -> KV13334 | AQ32: =COUNT(F32:AJ32)-COUNTIF(F32:AJ32,0) -> 1 | AR32: =AK32-AT32-AU32 -> 12 | AS32: =IF(AQ32=30,2,IF(AQ32=29,1,0)) -> 0 | AU32: =(SUMIFS(F32:AJ32,F32:AJ32,">12")-(COUNTIF(F32:AJ32,">12")*12)) -> 0 | AV32: =F32+G32 -> 0
C33: Kiều Anh Duy | D33: KV12858 | AC33: 12 | AK33: =SUM(F33:AJ33) -> 12 | AL33: =VLOOKUP(C33,[2]T09.2026!$C$69:$E$93,3,0) -> KV12858 | AQ33: =COUNT(F33:AJ33)-COUNTIF(F33:AJ33,0) -> 1 | AR33: =AK33-AT33-AU33 -> 12 | AS33: =IF(AQ33=30,2,IF(AQ33=29,1,0)) -> 0 | AU33: =(SUMIFS(F33:AJ33,F33:AJ33,">12")-(COUNTIF(F33:AJ33,">12")*12)) -> 0 | AV33: =F33+G33 -> 0
C34: Nguyễn Thành Anh Tuấn | D34: KV13404 | I34: 12 | AK34: =SUM(F34:AJ34) -> 12 | AQ34: =COUNT(F34:AJ34)-COUNTIF(F34:AJ34,0) -> 1 | AR34: =AK34-AT34-AU34 -> 12 | AS34: =IF(AQ34=30,2,IF(AQ34=29,1,0)) -> 0 | AU34: =(SUMIFS(F34:AJ34,F34:AJ34,">12")-(COUNTIF(F34:AJ34,">12")*12)) -> 0 | AV34: =F34+G34 -> 0
B35: C | C35: HT VT Ca Ngày | AK35: =SUM(F35:AJ35) -> 0 | AQ35: =COUNT(F35:AJ35)-COUNTIF(F35:AJ35,0) -> 0 | AR35: =AK35-AT35-AU35 -> 0 | AS35: =IF(AQ35=30,2,IF(AQ35=29,1,0)) -> 0 | AU35: =(SUMIFS(F35:AJ35,F35:AJ35,">12")-(COUNTIF(F35:AJ35,">12")*12)) -> 0 | AV35: =F35+G35 -> 0
B36: D | C36: Lương Thành Phát | D36: KV6096 | G36: X | I36: X | R36: X | S36: X | T36: X | U36: X | AC36: X | AD36: X | AE36: X | AF36: X | AG36: X | AH36: X | AI36: X | AK36: =SUM(F36:AJ36) -> 0 | AL36: 13 ngày | AQ36: =COUNT(F36:AJ36)-COUNTIF(F36:AJ36,0) -> 0 | AR36: =AK36-AT36-AU36 -> 0 | AS36: =IF(AQ36=30,2,IF(AQ36=29,1,0)) -> 0 | AU36: =(SUMIFS(F36:AJ36,F36:AJ36,">12")-(COUNTIF(F36:AJ36,">12")*12)) -> 0
B37: 1 | C37: Đoàn Hoàn Hùng | F37: X | G37: X | H37: X | I37: X | J37: X | K37: X | L37: X | M37: X | N37: X | O37: X | P37: X | Q37: X | AK37: =SUM(F37:AJ37) -> 0 | AL37: 12 ngày | AQ37: =COUNT(F37:AJ37)-COUNTIF(F37:AJ37,0) -> 0 | AR37: =AK37-AT37-AU37 -> 0 | AS37: =IF(AQ37=30,2,IF(AQ37=29,1,0)) -> 0 | AU37: =(SUMIFS(F37:AJ37,F37:AJ37,">12")-(COUNTIF(F37:AJ37,">12")*12)) -> 0
B38: 2 | C38: Đặng Đăng Đông | D38: KV12095 | F38: X | G38: X | H38: X | I38: X | J38: X | K38: X | L38: X | M38: X | N38: X | O38: X | P38: X | Q38: X | R38: X | T38: X | U38: X | V38: X | W38: X | X38: X | Y38: X | Z38: X | AA38: X | AB38: X | AC38: X | AD38: X | AE38: X | AF38: X | AK38: =SUM(F38:AJ38) -> 0 | AL38: 26 ngày | AQ38: =COUNT(F38:AJ38)-COUNTIF(F38:AJ38,0) -> 0 | AR38: =AK38-AT38-AU38 -> 0 | AS38: =IF(AQ38=30,2,IF(AQ38=29,1,0)) -> 0 | AU38: =(SUMIFS(F38:AJ38,F38:AJ38,">12")-(COUNTIF(F38:AJ38,">12")*12)) -> 0
B39: D | C39: HT VT Ca Dêm | AQ39: =COUNT(F39:AJ39)-COUNTIF(F39:AJ39,0) -> 0 | AR39: =AK39-AT39-AU39 -> 0 | AS39: =IF(AQ39=30,2,IF(AQ39=29,1,0)) -> 0 | AU39: =(SUMIFS(F39:AJ39,F39:AJ39,">12")-(COUNTIF(F39:AJ39,">12")*12)) -> 0 | AV39: =F39+G39 -> 0
B40: E | C40: Đi hỗ trợ | AQ40: =COUNT(F40:AJ40)-COUNTIF(F40:AJ40,0) -> 0 | AR40: =AK40-AT40-AU40 -> 0 | AS40: =IF(AQ40=31,2,IF(AQ40=30,1,0)) -> 0 | AU40: =(SUMIFS(F40:AJ40,F40:AJ40,">12")-(COUNTIF(F40:AJ40,">12")*12)) -> 0
B41: 1 | C41: Nguyễn thanh hiền | D41: kv2333 | F41: X | G41: X | H41: X | I41: X | J41: X | K41: X | M41: X | N41: X | O41: X | P41: X | Q41: X | R41: X | S41: X | U41: X | V41: X | AQ41: =COUNT(F41:AJ41)-COUNTIF(F41:AJ41,0) -> 0 | AR41: =AK41-AT41-AU41 -> 0 | AS41: =IF(AQ41=31,2,IF(AQ41=30,1,0)) -> 0 | AU41: =(SUMIFS(F41:AJ41,F41:AJ41,">12")-(COUNTIF(F41:AJ41,">12")*12)) -> 0
B42: 2 | C42: Trương Văn Rẽn | F42: 12 | J42: 5 | Q42: X | V42: X | Y42: X | AE42: X | AQ42: =COUNT(F42:AJ42)-COUNTIF(F42:AJ42,0) -> 2 | AR42: =AK42-AT42-AU42 -> 0 | AS42: =IF(AQ42=31,2,IF(AQ42=30,1,0)) -> 0 | AU42: =(SUMIFS(F42:AJ42,F42:AJ42,">12")-(COUNTIF(F42:AJ42,">12")*12)) -> 0
B43: 3 | C43: Trần Văn Vân | F43: X | G43: X | H43: X | I43: X | J43: X | K43: X | L43: X | M43: X | N43: X | O43: X | P43: X | Q43: X | R43: X | S43: X | T43: X | U43: X | V43: X | W43: X | X43: X | Y43: X | Z43: X | AA43: X | AB43: X | AC43: X | AD43: X | AE43: X | AF43: X | AG43: X | AH43: X | AI43: X | AQ43: =COUNT(F43:AJ43)-COUNTIF(F43:AJ43,0) -> 0 | AR43: =AK43-AT43-AU43 -> 0 | AS43: =IF(AQ43=31,2,IF(AQ43=30,1,0)) -> 0 | AU43: =(SUMIFS(F43:AJ43,F43:AJ43,">12")-(COUNTIF(F43:AJ43,">12")*12)) -> 0
B44: 4 | C44: Nguyễn Việt Linh | R44: HT | T44: HT | U44: HT | V44: HT | AQ44: =COUNT(F44:AJ44)-COUNTIF(F44:AJ44,0) -> 0 | AR44: =AK44-AT44-AU44 -> 0 | AS44: =IF(AQ44=30,2,IF(AQ44=29,1,0)) -> 0 | AU44: =(SUMIFS(F44:AJ44,F44:AJ44,">12")-(COUNTIF(F44:AJ44,">12")*12)) -> 0
AQ45: =COUNT(F45:AJ45)-COUNTIF(F45:AJ45,0) -> 0 | AR45: =AK45-AT45-AU45 -> 0 | AS45: =IF(AQ45=30,2,IF(AQ45=29,1,0)) -> 0 | AU45: =(SUMIFS(F45:AJ45,F45:AJ45,">12")-(COUNTIF(F45:AJ45,">12")*12)) -> 0
AK46: =SUM(AK10:AK45) -> 5096 | AQ46: =COUNT(F46:AJ46)-COUNTIF(F46:AJ46,0) -> 0 | AR46: =AK46-AT46-AU46 -> 5096 | AS46: =IF(AQ46=31,2,IF(AQ46=30,1,0)) -> 0 | AU46: =(SUMIFS(F46:AJ46,F46:AJ46,">12")-(COUNTIF(F46:AJ46,">12")*12)) -> 0 | AV46: =F46 -> 0

Sheet DIL
B1: BẢNG CHẤM CÔNG NHÂN VIÊN THÁNG 09 NĂM2019 | AM1: - Những cột có dấu (*) là bắt buộc người chấm công phải nhập dữ liệu (nếu có)
B2: ( Từ Ngày 01/9/2019 Đến 30/9/2019 )
C3: Bãi xe: DIL | AM3: Phần nhập của Quản lý Bãi xe | AQ3: Phần nhập của Phòng HCNS
AM4: (*) | AN4: (*) | AO4: (*) | AP4: (*)
C5: 1 | D5: 1 | E5: 2 | F5: 3 | G5: 4 | H5: 5 | I5: 6 | J5: 7 | K5: 8 | L5: 9 | M5: 10 | N5: 11 | O5: 12 | P5: 13 | Q5: 14 | R5: 15 | S5: 16 | T5: 17 | U5: 18 | V5: 19 | W5: 20 | X5: 21 | Y5: 22 | Z5: 23 | AA5: 24 | AB5: 25 | AC5: 26 | AD5: 27 | AE5: 28 | AF5: 29 | AG5: 30 | AH5: 31 | AI5: 32 | AJ5: 33 | AK5: 34 | AL5: 35 | AM5: 36 | AN5: 37 | AO5: 38 | AP5: 39 | AQ5: 40 | AR5: 41 | AS5: 42 | AT5: 43 | AU5: 44 | AV5: 45 | AW5: 46 | AX5: 47 | AY5: 48
B6: Phần in ra cho Nhân viên ký xác nhận
B7: STT | C7: HỌ VÀ TÊN | D7: Thứ | F7: =TEXT(F8,"ddd") -> T3 | G7: =TEXT(G8,"ddd") -> T4 | H7: =TEXT(H8,"ddd") -> T5 | I7: =TEXT(I8,"ddd") -> T6 | J7: =TEXT(J8,"ddd") -> T7 | K7: =TEXT(K8,"ddd") -> CN | L7: =TEXT(L8,"ddd") -> T2 | M7: =TEXT(M8,"ddd") -> T3 | ... AJ7: =TEXT(AJ8,"ddd") | AL7: NV Ký Xác nhận | AM7: Thông tin Tham chiếu | AQ7: Giờ công (h) | AX7: Đánh giá
D8: Ngày | F8: =DATE(SGP!D7,SGP!D6,1) -> 46266 | G8: =IFERROR(IF(F8+1<=EOMONTH(F8,0),F8+1,""),"") -> 46267 | H8: =IFERROR(IF(G8+1<=EOMONTH(G8,0),G8+1,""),"") -> 46268 | I8: =IFERROR(IF(H8+1<=EOMONTH(H8,0),H8+1,""),"") -> 46269 | J8: =IFERROR(IF(I8+1<=EOMONTH(I8,0),I8+1,""),"") -> 46270 | K8: =IFERROR(IF(J8+1<=EOMONTH(J8,0),J8+1,""),"") -> 46271 | L8: =IFERROR(IF(K8+1<=EOMONTH(K8,0),K8+1,""),"") -> 46272 | M8: =IFERROR(IF(L8+1<=EOMONTH(L8,0),L8+1,""),"") -> 46273 | N8: =IFERROR(IF(M8+1<=EOMONTH(M8,0),M8+1,""),"") -> 46274 | ... AJ8: =IFERROR(IF(AI8+1<=EOMONTH(AI8,0),AI8+1,""),"") | AK8: Tổng giờ Công | AM8: Đối tượng / Chức vụ | AN8: Ghi chú (ghi chú phụ cấp) | AO8: Bãi xe (chỉ ghi khi có NV đến hỗ trợ) | AP8: Ca làm việc | AQ8: Tổng số ngày Làm việc trong tháng | AR8: Giờ công thường 1.0 | AS8: Số ngày tăng ca ngày nghỉ | AT8: Tăng ca ngày 1.3 | AU8: Tăng ca giờ 1.5 | AV8: Tăng ca Lễ 2.0 | AW8: Tăng ca tết 3.0 | AX8: Bãi xe Đánh giá | AY8: P. Nhân sự đánh giá
D9: MSNV | E9: Ngày vào làm | AN9: mỗi ca 4 cổng | AW9: 0 | AX9: 0 | AY9: 0
B10: 01 | C10: Phạm Nguyễn Như Hoàng | F10: 8.5 | G10: OFF | H10: OFF | I10: 8.5 | J10: 3.5 | K10: OFF | L10: 8.5 | M10: 8.5 | N10: 8.5 | O10: 8.5 | P10: 8.5 | Q10: 3.5 | R10: OFF | S10: 8.5 | T10: 8.5 | U10: 8.5 | V10: 8.5 | W10: 8.5 | X10: 3.5 | Y10: OFF | Z10: 8.5 | AA10: 8.5 | AB10: 8.5 | AC10: 8.5 | AD10: 8.5 | AE10: 3.5 | AF10: OFF | AG10: 8.5 | AH10: 8.5 | AI10: 8.5 | AM10: TĐH | AY10: A
B11: 02 | C11: Trần Thị Phước Lâm | D11: KV06056 | E11: 14/09/2019 | F11: 12 | G11: 12 | H11: 12 | I11: 12 | J11: 12 | K11: 12 | L11: 12 | M11: 12 | N11: 12 | O11: 12 | P11: OFF | Q11: 12 | R11: 15 | S11: 12 | T11: 12 | U11: 12 | V11: 12 | W11: 12 | X11: 12 | Y11: 12 | Z11: 12 | AA11: 12 | AB11: 12 | AC11: 12 | AD11: 13 | AE11: 12 | AF11: 12 | AG11: 12 | AH11: 12 | AI11: 12 | AK11: =SUM(F11:AJ11) -> 352 | AL11: =VLOOKUP(C11,[2]T09.2026!$C$97:$E$131,3,0) -> KV06056 | AM11: Thay quyền ca trưởng | AQ11: =COUNT(F11:AJ11)-COUNTIF(F11:AJ11,0) -> 29 | AR11: =AK11-AT11-AU11 -> 336 | AS11: =IF(AQ11=30,2,IF(AQ11=29,1,0)) -> 1 | AT11: 12 | AU11: =(SUMIFS(F11:AJ11,F11:AJ11,">12")-(COUNTIF(F11:AJ11,">12")*12)) -> 4 | AV11: =F11+G11 -> 24 | AY11: A
B12: 03 | C12: Nguyễn Quốc Dũng | D12: KV07325 | E12: 30/3/2022 | F12: 12 | G12: 12 | H12: 12 | I12: 12 | J12: 15 | K12: 15 | L12: 15 | M12: 12 | N12: 12 | O12: 13 | P12: 12 | Q12: 12 | R12: 16 | S12: 12 | T12: 12 | U12: 12 | V12: 12 | W12: 12 | X12: 12 | Y12: 12 | Z12: 13 | AA12: 12 | AB12: 12 | AC12: 12 | AD12: 13 | AE12: 12 | AF12: 12 | AG12: 12 | AH12: 12 | AI12: 12 | AK12: =SUM(F12:AJ12) -> 376 | AL12: =VLOOKUP(C12,[2]T09.2026!$C$97:$E$131,3,0) -> KV07325 | AM12: Nhân Viên | AN12: Phụ cấp cổng | AO12: 200000 | AQ12: =COUNT(F12:AJ12)-COUNTIF(F12:AJ12,0) -> 30 | AR12: =AK12-AT12-AU12 -> 336 | AS12: =IF(AQ12=30,2,IF(AQ12=29,1,0)) -> 2 | AT12: 24 | AU12: =(SUMIFS(F12:AJ12,F12:AJ12,">12")-(COUNTIF(F12:AJ12,">12")*12)) -> 16 | AV12: =F12+G12 -> 24
B13: 04 | C13: Nguyễn Văn Khương | D13: KV08355 | E13: 44384 | F13: 12 | G13: 12 | H13: 12 | I13: 12 | J13: 12 | K13: 12 | L13: 12 | M13: 12 | N13: 12 | O13: 12 | P13: 12 | Q13: 12 | R13: 12 | S13: 12 | T13: 12 | U13: 12 | V13: 12 | W13: 12 | X13: 12 | Y13: 12 | Z13: 12 | AA13: 12 | AB13: 12 | AC13: 12 | AD13: 12 | AE13: 12 | AF13: 12 | AG13: 12 | AH13: 12 | AI13: 12 | AK13: =SUM(F13:AJ13) -> 360 | AL13: =VLOOKUP(C13,[2]T09.2026!$C$97:$E$131,3,0) -> KV08355 | AM13: Nhân Viên | AQ13: =COUNT(F13:AJ13)-COUNTIF(F13:AJ13,0) -> 30 | AR13: =AK13-AT13-AU13 -> 336 | AS13: =IF(AQ13=30,2,IF(AQ13=29,1,0)) -> 2 | AT13: 24 | AU13: =(SUMIFS(F13:AJ13,F13:AJ13,">12")-(COUNTIF(F13:AJ13,">12")*12)) -> 0 | AV13: =F13+G13 -> 24 | AY13: A
B14: 05 | C14: Trần Thanh Của | D14: KV05961 | E14: 43475 | F14: 12 | G14: 12 | H14: 12 | I14: 12 | J14: 12 | K14: 12 | L14: 12 | M14: 12 | N14: 12 | O14: 12 | P14: 12 | Q14: 12 | R14: 12 | S14: 12 | T14: 12 | U14: 12 | V14: 12 | W14: 12 | X14: 12 | Y14: 12 | Z14: 12 | AA14: 12 | AB14: OFF | AC14: 12 | AD14: 12 | AE14: 12 | AF14: 12 | AG14: 12 | AH14: 12 | AI14: OFF | AK14: =SUM(F14:AJ14) -> 336 | AL14: =VLOOKUP(C14,[2]T09.2026!$C$97:$E$131,3,0) -> KV05961 | AM14: Nhân Viên | AQ14: =COUNT(F14:AJ14)-COUNTIF(F14:AJ14,0) -> 28 | AR14: =AK14-AT14-AU14 -> 336 | AS14: =IF(AQ14=30,2,IF(AQ14=29,1,0)) -> 0 | AU14: =(SUMIFS(F14:AJ14,F14:AJ14,">12")-(COUNTIF(F14:AJ14,">12")*12)) -> 0 | AV14: =F14+G14 -> 24 | AY14: A
B15: 06 | C15: Thái Thị Hồng Chúc | D15: KV12301 | E15: 45849 | F15: 12 | G15: 12 | H15: 12 | I15: 12 | J15: 12 | K15: OFF | L15: 12 | M15: 12 | N15: 12 | O15: 12 | P15: 12 | Q15: 12 | R15: OFF | S15: 12 | T15: 12 | U15: 12 | V15: 12 | W15: 12 | X15: 12 | Y15: 12 | Z15: Nghỉ việc | AK15: =SUM(F15:AJ15) -> 216 | AL15: =VLOOKUP(C15,[2]T09.2026!$C$97:$E$131,3,0) -> KV12301 | AM15: Nhân Viên | AN15: Phụ cấp cổng | AO15: 200000 | AQ15: =COUNT(F15:AJ15)-COUNTIF(F15:AJ15,0) -> 18 | AR15: =AK15-AT15-AU15 -> 216 | AS15: =IF(AQ15=30,2,IF(AQ15=29,1,0)) -> 0 | AU15: =(SUMIFS(F15:AJ15,F15:AJ15,">12")-(COUNTIF(F15:AJ15,">12")*12)) -> 0 | AV15: =F15+G15 -> 24 | AY15: A
B16: 07 | C16: Nguyễn Khắc Quang Đức | D16: KV10727 | E16: 45282 | F16: 16 | G16: 16 | H16: 16 | I16: 16 | J16: 16 | K16: 16 | L16: 16 | M16: 16 | N16: 16 | O16: 14 | P16: 16 | Q16: 16 | R16: Nghỉ việc | AK16: =SUM(F16:AJ16) -> 190 | AL16: =VLOOKUP(C16,[2]T09.2026!$C$97:$E$131,3,0) -> KV10727 | AM16: Nhân Viên | AN16: Phụ cấp cổng | AO16: 200000 | AQ16: =COUNT(F16:AJ16)-COUNTIF(F16:AJ16,0) -> 12 | AR16: =AK16-AT16-AU16 -> 144 | AS16: =IF(AQ16=30,2,IF(AQ16=29,1,0)) -> 0 | AU16: =(SUMIFS(F16:AJ16,F16:AJ16,">12")-(COUNTIF(F16:AJ16,">12")*12)) -> 46 | AV16: =F16+G16 -> 32 | AY16: A
B17: 08 | C17: Đặng Thị Cẩm Loan | D17: KV12929 | E17: 46094 | F17: 12 | G17: 12 | H17: 12 | I17: 12 | J17: 12 | K17: 12 | L17: 12 | M17: 12 | N17: 12 | O17: OFF | P17: 12 | Q17: 12 | R17: 12 | S17: 12 | T17: 12 | U17: 12 | V17: 12 | W17: OFF | X17: 12 | Y17: 12 | Z17: 12 | AA17: 12 | AB17: 12 | AC17: 12 | AD17: 12 | AE17: 12 | AF17: 12 | AG17: 10 | AH17: 12 | AI17: 12 | AK17: =SUM(F17:AJ17) -> 334 | AL17: =VLOOKUP(C17,[2]T09.2026!$C$97:$E$131,3,0) -> KV12929 | AM17: Nhân Viên | AN17: Phụ cấp cổng | AO17: 200000 | AQ17: =COUNT(F17:AJ17)-COUNTIF(F17:AJ17,0) -> 28 | AR17: =AK17-AT17-AU17 -> 334 | AS17: =IF(AQ17=30,2,IF(AQ17=29,1,0)) -> 0 | AU17: =(SUMIFS(F17:AJ17,F17:AJ17,">12")-(COUNTIF(F17:AJ17,">12")*12)) -> 0 | AV17: =F17+G17 -> 24 | AY17: A
B18: 09 | C18: H Tươi Hđỡk | D18: KV13377 | E18: 46289 | F18: NVTV | AC18: 12 | AD18: 12 | AE18: 12 | AF18: 9 | AG18: OFF | AH18: 12 | AI18: 12 | AK18: =SUM(F18:AJ18) -> 69 | AL18: =VLOOKUP(C18,[2]T09.2026!$C$97:$E$131,3,0) -> KV13377 | AM18: Nhân Viên | AN18: Phụ cấp cổng | AO18: 200000 | AQ18: =COUNT(F18:AJ18)-COUNTIF(F18:AJ18,0) -> 6 | AR18: =AK18-AT18-AU18 -> 69 | AS18: =IF(AQ18=30,2,IF(AQ18=29,1,0)) -> 0 | AU18: =(SUMIFS(F18:AJ18,F18:AJ18,">12")-(COUNTIF(F18:AJ18,">12")*12)) -> 0 | AY18: A
C19: Ca Đêm | AQ19: =COUNT(F19:AJ19)-COUNTIF(F19:AJ19,0) -> 0 | AR19: =AK19-AT19-AU19 -> 0 | AS19: =IF(AQ19=30,2,IF(AQ19=29,1,0)) -> 0 | AU19: =(SUMIFS(F19:AJ19,F19:AJ19,">12")-(COUNTIF(F19:AJ19,">12")*12)) -> 0 | AV19: =F19+G19 -> 0 | AY19: A
B20: 01 | C20: Nguyễn Minh Hải | D20: KV02904 | E20: 42836 | F20: 12 | G20: 12 | H20: OFF | I20: 12 | J20: 18 | K20: 18 | L20: 18 | M20: 18 | N20: 18 | O20: 18 | P20: 18 | Q20: 18 | R20: OFF | S20: 12 | T20: 18 | U20: 18 | V20: 18 | W20: 18 | X20: 18 | Y20: 18 | Z20: 12 | AA20: 12 | AB20: 18 | AC20: 18 | AD20: 18 | AE20: 18 | AF20: 18 | AG20: 18 | AH20: 18 | AI20: 18 | AK20: =SUM(F20:AJ20) -> 468 | AL20: =VLOOKUP(C20,[2]T09.2026!$C$97:$E$131,3,0) -> KV02904 | AM20: Thay quyền ca trưởng | AQ20: =COUNT(F20:AJ20)-COUNTIF(F20:AJ20,0) -> 28 | AR20: =AK20-AT20-AU20 -> 336 | AS20: =IF(AQ20=30,2,IF(AQ20=29,1,0)) -> 0 | AU20: =(SUMIFS(F20:AJ20,F20:AJ20,">12")-(COUNTIF(F20:AJ20,">12")*12)) -> 132 | AV20: =F20+G20 -> 24 | AX20: 400000 | AY20: A
B21: 02 | C21: Lê Minh Thư | D21: KV10762 | E21: 16/1/2024 | F21: OFF | G21: 12 | H21: 12 | I21: 12 | J21: 12 | K21: 12 | L21: 12 | M21: 12 | N21: 12 | O21: 12 | P21: 12 | Q21: 12 | R21: 12 | S21: 12 | T21: 12 | U21: 12 | V21: 12 | W21: 12 | X21: 12 | Y21: 12 | Z21: 12 | AA21: 12 | AB21: 12 | AC21: 12 | AD21: 12 | AE21: 12 | AF21: 12 | AG21: 12 | AH21: 12 | AI21: 12 | AK21: =SUM(F21:AJ21) -> 348 | AL21: =VLOOKUP(C21,[2]T09.2026!$C$97:$E$131,3,0) -> KV10762 | AM21: Nhân Viên | AN21: Phụ cấp cổng | AO21: 200000 | AQ21: =COUNT(F21:AJ21)-COUNTIF(F21:AJ21,0) -> 29 | AR21: =AK21-AT21-AU21 -> 336 | AS21: =IF(AQ21=30,2,IF(AQ21=29,1,0)) -> 1 | AT21: 12 | AU21: =(SUMIFS(F21:AJ21,F21:AJ21,">12")-(COUNTIF(F21:AJ21,">12")*12)) -> 0 | AV21: 12 | AX21: 400000 | AY21: A
B22: 03 | C22: Trương Thị Tho | D22: KV10763 | E22: 16/1/2024 | F22: OFF | G22: 12 | H22: 12 | I22: 12 | J22: 12 | K22: 12 | L22: 12 | M22: 12 | N22: 12 | O22: 12 | P22: 12 | Q22: 12 | R22: 12 | S22: 12 | T22: 12 | U22: 12 | V22: 12 | W22: 12 | X22: 12 | Y22: 12 | Z22: 12 | AA22: 12 | AB22: 12 | AC22: 12 | AD22: 12 | AE22: 12 | AF22: 12 | AG22: 12 | AH22: 12 | AI22: 12 | AK22: =SUM(F22:AJ22) -> 348 | AL22: =VLOOKUP(C22,[2]T09.2026!$C$97:$E$131,3,0) -> KV10763 | AM22: Nhân Viên | AQ22: =COUNT(F22:AJ22)-COUNTIF(F22:AJ22,0) -> 29 | AR22: =AK22-AT22-AU22 -> 336 | AS22: =IF(AQ22=30,2,IF(AQ22=29,1,0)) -> 1 | AT22: 12 | AU22: =(SUMIFS(F22:AJ22,F22:AJ22,">12")-(COUNTIF(F22:AJ22,">12")*12)) -> 0 | AV22: 12 | AX22: 400000 | AY22: A
B23: 04 | C23: Đỗ Gia Huy Luân | D23: KV11461 | E23: 45561 | F23: 12 | G23: 12 | H23: 12 | I23: 12 | J23: 12 | K23: 12 | L23: 16 | M23: 16 | N23: 15 | O23: 12 | P23: 16 | Q23: 12 | R23: 12 | S23: 16 | T23: 16 | U23: OFF | V23: 11 | W23: 12 | X23: 12 | Y23: 12 | Z23: 12 | AA23: 12 | AB23: 12 | AC23: 12 | AD23: OFF | AE23: 12 | AF23: 12 | AG23: 12 | AH23: 12 | AI23: 12 | AK23: =SUM(F23:AJ23) -> 358 | AL23: =VLOOKUP(C23,[2]T09.2026!$C$97:$E$131,3,0) -> KV11461 | AM23: Nhân Viên | AQ23: =COUNT(F23:AJ23)-COUNTIF(F23:AJ23,0) -> 28 | AR23: =AK23-AT23-AU23 -> 335 | AS23: =IF(AQ23=30,2,IF(AQ23=29,1,0)) -> 0 | AU23: =(SUMIFS(F23:AJ23,F23:AJ23,">12")-(COUNTIF(F23:AJ23,">12")*12)) -> 23 | AV23: =F23+G23 -> 24 | AX23: 400000
B24: 05 | C24: Lê Hoàng Quốc Bảo | D24: KV11829 | E24: 45699 | F24: 12 | G24: 18 | H24: 12 | I24: 18 | J24: 12 | K24: 17 | L24: 17 | M24: 18 | N24: OFF | O24: 17 | P24: 18 | Q24: 18 | R24: OFF | S24: 12 | T24: 19 | U24: 18 | V24: 18 | W24: 18 | X24: 18 | Y24: 18 | Z24: 18 | AA24: 18 | AB24: 18 | AC24: 18 | AD24: 18 | AE24: 18 | AF24: 19 | AG24: 19 | AH24: 18 | AI24: 18 | AK24: =SUM(F24:AJ24) -> 480 | AL24: =VLOOKUP(C24,[2]T09.2026!$C$97:$E$131,3,0) -> KV11829 | AM24: Nhân Viên | AN24: Phụ cấp cổng | AO24: 200000 | AQ24: =COUNT(F24:AJ24)-COUNTIF(F24:AJ24,0) -> 28 | AR24: =AK24-AT24-AU24 -> 336 | AS24: =IF(AQ24=30,2,IF(AQ24=29,1,0)) -> 0 | AU24: =(SUMIFS(F24:AJ24,F24:AJ24,">12")-(COUNTIF(F24:AJ24,">12")*12)) -> 144 | AV24: =F24+G24 -> 30 | AX24: 400000 | AY24: A
B25: 06 | C25: Đinh Quang Huy | D25: KV11923 | E25: 45733 | F25: 18 | G25: 18 | H25: 18 | I25: 18 | J25: 16 | K25: 16 | L25: OFF | M25: 18 | N25: 18 | O25: OFF | P25: 18 | Q25: 16 | R25: 16 | S25: 18 | T25: 18 | U25: 18 | V25: 18 | W25: OFF | X25: 18 | Y25: 17 | Z25: 17 | AA25: 18 | AB25: 18 | AC25: 18 | AD25: 18 | AE25: 14 | AF25: OFF | AG25: 18 | AH25: 18 | AI25: OFF | AK25: =SUM(F25:AJ25) -> 436 | AL25: =VLOOKUP(C25,[2]T09.2026!$C$97:$E$131,3,0) -> KV11923 | AM25: Nhân Viên | AN25: Phụ cấp cổng | AO25: 200000 | AQ25: =COUNT(F25:AJ25)-COUNTIF(F25:AJ25,0) -> 25 | AR25: =AK25-AT25-AU25 -> 300 | AS25: =IF(AQ25=30,2,IF(AQ25=29,1,0)) -> 0 | AU25: =(SUMIFS(F25:AJ25,F25:AJ25,">12")-(COUNTIF(F25:AJ25,">12")*12)) -> 136 | AV25: =F25+G25 -> 36 | AX25: 400000
B26: 07 | C26: Nguyễn Thị Thu Xương | D26: KV08339 | E26: 44737 | F26: 12 | G26: 12 | H26: 12 | I26: OFF | J26: 12 | K26: 12 | L26: 12 | M26: 12 | N26: 12 | O26: 12 | P26: 12 | Q26: 12 | R26: 12 | S26: 12 | T26: 12 | U26: 13 | V26: 13 | W26: 13 | X26: 13 | Y26: 13 | Z26: 13 | AA26: 12 | AB26: 12 | AC26: 12 | AD26: 12 | AE26: 12 | AF26: 12 | AG26: 12 | AH26: 12 | AI26: 12 | AK26: =SUM(F26:AJ26) -> 354 | AL26: =VLOOKUP(C26,[2]T09.2026!$C$97:$E$131,3,0) -> KV08339 | AM26: Nhân Viên | AQ26: =COUNT(F26:AJ26)-COUNTIF(F26:AJ26,0) -> 29 | AR26: =AK26-AT26-AU26 -> 336 | AS26: =IF(AQ26=30,2,IF(AQ26=29,1,0)) -> 1 | AT26: 12 | AU26: =(SUMIFS(F26:AJ26,F26:AJ26,">12")-(COUNTIF(F26:AJ26,">12")*12)) -> 6 | AV26: =F26+G26 -> 24 | AX26: 400000 | AY26: A
B27: 08 | C27: Tạ Tuấn Khanh | D27: KV12318 | E27: 45851 | F27: 12 | G27: 12 | H27: 12 | I27: 12 | J27: 12 | K27: 12 | L27: 12 | M27: 12 | N27: 12 | O27: 12 | P27: 12 | Q27: OFF | R27: OFF | S27: OFF | T27: 12 | U27: 12 | V27: 12 | W27: 12 | X27: 12 | Y27: 12 | Z27: 12 | AA27: 12 | AB27: 12 | AC27: 12 | AD27: 12 | AE27: 12 | AF27: 12 | AG27: 12 | AH27: 12 | AI27: 12 | AK27: =SUM(F27:AJ27) -> 324 | AL27: =VLOOKUP(C27,[2]T09.2026!$C$97:$E$131,3,0) -> KV12318 | AM27: Nhân Viên | AN27: Phụ cấp cổng | AO27: 200000 | AQ27: =COUNT(F27:AJ27)-COUNTIF(F27:AJ27,0) -> 27 | AR27: =AK27-AT27-AU27 -> 324 | AS27: =IF(AQ27=30,2,IF(AQ27=29,1,0)) -> 0 | AU27: =(SUMIFS(F27:AJ27,F27:AJ27,">12")-(COUNTIF(F27:AJ27,">12")*12)) -> 0 | AV27: =F27+G27 -> 24 | AX27: 400000 | AY27: A
B28: 09 | C28: Nguyễn Minh Linh | D28: KV13003 | E28: 46118 | F28: 11 | G28: 11 | H28: 11 | I28: 11 | J28: 11 | K28: 11 | L28: 11 | M28: 11 | N28: OFF | O28: OFF | P28: OFF | Q28: 9 | R28: 11 | S28: 11 | T28: 11 | U28: 11 | V28: 11 | W28: 10 | X28: 11 | Y28: 11 | Z28: 8 | AA28: 10 | AB28: 11 | AC28: 11 | AD28: 11 | AE28: 11 | AF28: 11 | AG28: 11 | AH28: 11 | AI28: 11 | AK28: =SUM(F28:AJ28) -> 290 | AL28: =VLOOKUP(C28,[2]T09.2026!$C$97:$E$131,3,0) -> KV13003 | AM28: Nhân Viên | AQ28: =COUNT(F28:AJ28)-COUNTIF(F28:AJ28,0) -> 27 | AR28: =AK28-AT28-AU28 -> 290 | AS28: =IF(AQ28=30,2,IF(AQ28=29,1,0)) -> 0 | AU28: =(SUMIFS(F28:AJ28,F28:AJ28,">12")-(COUNTIF(F28:AJ28,">12")*12)) -> 0 | AV28: =F28+G28 -> 22 | AX28: 400000
C29: Cơ động cố định | AQ29: =COUNT(F29:AJ29)-COUNTIF(F29:AJ29,0) -> 0 | AR29: =AK29-AT29-AU29 -> 0 | AS29: =IF(AQ29=30,2,IF(AQ29=29,1,0)) -> 0 | AU29: =(SUMIFS(F29:AJ29,F29:AJ29,">12")-(COUNTIF(F29:AJ29,">12")*12)) -> 0 | AV29: =F29+G29 -> 0
B30: 01 | C30: Lê Hoàng Thái Châu | D30: KV12754 | E30: 46041 | F30: 17 | G30: 17 | H30: 16 | I30: 13 | J30: OFF | K30: OFF | L30: 11 | M30: 15 | N30: 17 | O30: 17 | P30: 17 | Q30: 17 | R30: 17 | S30: 17 | T30: 16 | U30: OFF | V30: 12 | W30: 17 | X30: 17 | Y30: 17 | Z30: 17 | AA30: 12 | AB30: 17 | AC30: 17 | AD30: 17 | AE30: 17 | AF30: 17 | AG30: 17 | AH30: 17 | AI30: 17 | AJ30: =SUM(U30:AI30) -> 228 | AM30: Nhân Viên | AQ30: =COUNT(F30:AJ30)-COUNTIF(F30:AJ30,0) -> 28 | AR30: =AK30-AT30-AU30 -> -328 | AS30: =IF(AQ30=30,2,IF(AQ30=29,1,0)) -> 0 | AU30: =(SUMIFS(F30:AJ30,F30:AJ30,">12")-(COUNTIF(F30:AJ30,">12")*12)) -> 328 | AV30: =F30+G30 -> 34 | AY30: A
C31: Đến hỗ trợ Ca Ngày | AQ31: =COUNT(F31:AJ31)-COUNTIF(F31:AJ31,0) -> 0 | AR31: =AK31-AT31-AU31 -> 0 | AS31: =IF(AQ31=30,2,IF(AQ31=29,1,0)) -> 0 | AU31: =(SUMIFS(F31:AJ31,F31:AJ31,">12")-(COUNTIF(F31:AJ31,">12")*12)) -> 0 | AV31: =F31+G31 -> 0 | AY31: A
B32: 01 | C32: Phạm Anh Huy | D32: KV10823 | F32: 13 | G32: 15 | H32: 15 | I32: 15 | J32: 15 | K32: 13 | L32: 15 | M32: 15 | N32: 13 | O32: 13 | P32: 15 | Q32: 16 | S32: 15 | T32: 15 | U32: 15 | V32: 15 | W32: 13 | X32: 15 | Y32: 15 | Z32: 15 | AA32: 15 | AB32: 13 | AC32: 15 | AD32: 13 | AE32: 15 | AF32: 15 | AG32: 13 | AH32: 15 | AI32: 15 | AK32: =SUM(F32:AJ32) -> 420 | AL32: =VLOOKUP(C32,[2]T09.2026!$C$97:$E$131,3,0) -> KV10823 | AM32: NVNV | AQ32: =COUNT(F32:AJ32)-COUNTIF(F32:AJ32,0) -> 29 | AR32: =AK32-AT32-AU32-AV32 -> 392 | AS32: =IF(AQ32=30,2,IF(AQ32=29,1,0)) -> 1 | AV32: =F32+G32 -> 28 | AY32: A
B33: 02 | C33: Nguyễn Văn Nhân | D33: KV13007 | F33: 12 | J33: 12 | K33: 12 | M33: 12 | O33: 10 | Q33: 12 | X33: 12 | Y33: 12 | AA33: 12 | AB33: 12 | AD33: 12 | AF33: 12 | AK33: =SUM(F33:AJ33) -> 142 | AL33: =VLOOKUP(C33,[2]T09.2026!$C$97:$E$131,3,0) -> KV13007 | AM33: NVNV | AQ33: =COUNT(F33:AJ33)-COUNTIF(F33:AJ33,0) -> 12 | AR33: =AK33-AT33-AU33-AV33 -> 130 | AS33: =IF(AQ33=30,2,IF(AQ33=29,1,0)) -> 0 | AU33: =(SUMIFS(F33:AJ33,F33:AJ33,">12")-(COUNTIF(F33:AJ33,">12")*12)) -> 0 | AV33: =F33+G33 -> 12 | AY33: A
B34: 03 | C34: Nguyễn Ngọc Tuấn | D34: KV11830 | F34: 12 | G34: 12 | K34: 12 | P34: 9.5 | R34: 12 | X34: 12 | Z34: 10 | AE34: 12 | AF34: 12 | AI34: 12 | AK34: =SUM(F34:AJ34) -> 115.5 | AL34: =VLOOKUP(C34,[2]T09.2026!$C$97:$E$131,3,0) -> KV11830 | AM34: NVNV | AQ34: =COUNT(F34:AJ34)-COUNTIF(F34:AJ34,0) -> 10 | AR34: =AK34-AT34-AU34-AV34 -> 91.5 | AS34: =IF(AQ34=30,2,IF(AQ34=29,1,0)) -> 0 | AU34: =(SUMIFS(F34:AJ34,F34:AJ34,">12")-(COUNTIF(F34:AJ34,">12")*12)) -> 0 | AV34: =F34+G34 -> 24
B35: 04 | C35: Nguyễn Hoài Thiên Phúc | E35: cđ | G35: 12 | O35: 12 | AJ35: =SUM(U35:AI35) -> 0 | AM35: NVNV | AQ35: =COUNT(F35:AJ35)-COUNTIF(F35:AJ35,0) -> 2 | AR35: =AK35-AT35-AU35 -> 0 | AS35: =IF(AQ35=30,2,IF(AQ35=29,1,0)) -> 0 | AU35: =(SUMIFS(F35:AJ35,F35:AJ35,">12")-(COUNTIF(F35:AJ35,">12")*12)) -> 0 | AV35: =F35+G35 -> 12
B36: 05 | C36: Nguyễn Phúc Thành | D36: KV13167 | E36: cđ | H36: 12 | I36: 12 | J36: 12 | K36: 12 | L36: 12 | M36: 12 | N36: 12 | O36: 12 | P36: 12 | Q36: 12 | R36: 12 | S36: 12 | T36: 12 | U36: 12 | V36: 12 | X36: 12 | Y36: 12 | Z36: 12 | AA36: 12 | AB36: 12 | AC36: 12 | AD36: 12 | AE36: 12 | AG36: 12 | AH36: 12 | AI36: 12 | AJ36: =SUM(U36:AI36) -> 156 | AM36: NVNV | AQ36: =COUNT(F36:AJ36)-COUNTIF(F36:AJ36,0) -> 27 | AR36: =AK36-AT36-AU36 -> -144 | AS36: =IF(AQ36=30,2,IF(AQ36=29,1,0)) -> 0 | AU36: =(SUMIFS(F36:AJ36,F36:AJ36,">12")-(COUNTIF(F36:AJ36,">12")*12)) -> 144 | AV36: =F36+G36 -> 0
B37: 06 | C37: Nguyễn Thành Anh Tuấn | D37: KV13404 | G37: 12 | H37: 15 | I37: 3 | J37: 12 | K37: 12 | L37: 15 | M37: 12 | N37: 12 | O37: 12 | P37: 12 | R37: 15 | V37: 16 | W37: 16 | AK37: =SUM(F37:AJ37) -> 164 | AL37: =VLOOKUP(C37,[2]T09.2026!$C$97:$E$131,3,0) -> KV13404 | AM37: NVNV | AQ37: =COUNT(F37:AJ37)-COUNTIF(F37:AJ37,0) -> 13 | AR37: =AK37-AT37-AU37-AV37 -> 152 | AS37: =IF(AQ37=30,2,IF(AQ37=29,1,0)) -> 0 | AV37: =F37+G37 -> 12 | AY37: A
B38: 07 | C38: Huỳnh Thanh Tâm | D38: KV12839 | E38: cđ | H38: 4 | AJ38: =SUM(U38:AI38) -> 0 | AM38: SGP | AQ38: =COUNT(F38:AJ38)-COUNTIF(F38:AJ38,0) -> 1 | AR38: =AK38-AT38-AU38 -> 0 | AS38: =IF(AQ38=30,2,IF(AQ38=29,1,0)) -> 0 | AU38: =(SUMIFS(F38:AJ38,F38:AJ38,">12")-(COUNTIF(F38:AJ38,">12")*12)) -> 0 | AV38: =F38+G38 -> 0 | AY38: A
B39: 08 | C39: Kiều Anh Duy | D39: KV12858 | O39: 3 | S39: 12 | T39: 12 | U39: 12 | V39: 12 | Z39: 12 | AA39: 12 | AB39: 12 | AC39: 12 | AK39: =SUM(F39:AJ39) -> 99 | AL39: =VLOOKUP(C39,[2]T09.2026!$C$97:$E$131,3,0) -> KV12858 | AM39: NVNV | AQ39: =COUNT(F39:AJ39)-COUNTIF(F39:AJ39,0) -> 9 | AR39: =AK39-AT39-AU39 -> 99 | AS39: =IF(AQ39=30,2,IF(AQ39=29,1,0)) -> 0 | AU39: =(SUMIFS(F39:AJ39,F39:AJ39,">12")-(COUNTIF(F39:AJ39,">12")*12)) -> 0 | AV39: =F39+G39 -> 0
B40: 09 | C40: Thẩm Quang Trung Phúc | E40: cđ | P40: 12 | Q40: 12 | R40: 12 | AJ40: =SUM(U40:AI40) -> 0 | AM40: NVNV | AQ40: =COUNT(F40:AJ40)-COUNTIF(F40:AJ40,0) -> 3 | AR40: =AK40-AT40-AU40 -> 0 | AS40: =IF(AQ40=30,2,IF(AQ40=29,1,0)) -> 0 | AU40: =(SUMIFS(F40:AJ40,F40:AJ40,">12")-(COUNTIF(F40:AJ40,">12")*12)) -> 0 | AV40: =F40+G40 -> 0
B41: 10 | C41: Nguyễn Thị Lập | D41: KV13402 | E41: cđ | F41: 1 | G41: 1 | H41: 1 | I41: 1 | L41: 1 | M41: 1 | N41: 1 | O41: 1 | P41: 1 | S41: 1 | T41: 1 | U41: 1 | V41: 1 | W41: 1 | Z41: 1 | AA41: 1 | AB41: 1 | AC41: 1 | AD41: 1 | AG41: 1 | AH41: 1 | AI41: 1 | AJ41: =SUM(F41:AI41) -> 22 | AM41: NVNV | AQ41: =COUNT(F41:AJ41)-COUNTIF(F41:AJ41,0) -> 23 | AR41: =AK41-AT41-AU41 -> -10 | AS41: =IF(AQ41=30,2,IF(AQ41=29,1,0)) -> 0 | AU41: =(SUMIFS(F41:AJ41,F41:AJ41,">12")-(COUNTIF(F41:AJ41,">12")*12)) -> 10 | AV41: =F41+G41 -> 2 | AY41: A
B42: 11 | C42: Lâm Nhật Tân | D42: KV12541 | R42: 2 | AK42: =SUM(F42:AJ42) -> 2 | AL42: =VLOOKUP(C42,[2]T09.2026!$C$97:$E$131,3,0) -> KV12541 | AM42: NVNV | AQ42: =COUNT(F42:AJ42)-COUNTIF(F42:AJ42,0) -> 1 | AR42: =AK42-AT42-AU42 -> 2 | AS42: =IF(AQ42=30,2,IF(AQ42=29,1,0)) -> 0 | AU42: =(SUMIFS(F42:AJ42,F42:AJ42,">12")-(COUNTIF(F42:AJ42,">12")*12)) -> 0 | AV42: =F42+G42 -> 0
B43: 12 | C43: Văn Tiến Anh | D43: KV13186 | T43: 12 | U43: 12 | V43: 12 | W43: 12 | Z43: 12 | AA43: 12 | AB43: 12 | AC43: 12 | AH43: 12 | AI43: 12 | AK43: =SUM(F43:AJ43) -> 120 | AL43: =VLOOKUP(C43,[2]T09.2026!$C$97:$E$131,3,0) -> KV13186 | AM43: NVNV | AQ43: =COUNT(F43:AJ43)-COUNTIF(F43:AJ43,0) -> 10 | AR43: =AK43-AT43-AU43 -> 120 | AS43: =IF(AQ43=30,2,IF(AQ43=29,1,0)) -> 0 | AU43: =(SUMIFS(F43:AJ43,F43:AJ43,">12")-(COUNTIF(F43:AJ43,">12")*12)) -> 0 | AV43: =F43+G43 -> 0
B44: 13 | C44: Lê Thanh Hùng | D44: KV10410 | T44: 12 | AK44: =SUM(F44:AJ44) -> 12 | AL44: =VLOOKUP(C44,[2]T09.2026!$C$97:$E$131,3,0) -> KV10410 | AM44: TĐP | AQ44: =COUNT(F44:AJ44)-COUNTIF(F44:AJ44,0) -> 1 | AR44: =AK44-AT44-AU44 -> 12 | AS44: =IF(AQ44=30,2,IF(AQ44=29,1,0)) -> 0 | AU44: =(SUMIFS(F44:AJ44,F44:AJ44,">12")-(COUNTIF(F44:AJ44,">12")*12)) -> 0 | AV44: =F44+G44 -> 0
B45: 14 | C45: Hà Quang Lý Hùng | D45: KV07856 | AA45: 12 | AB45: 12 | AC45: 12 | AE45: 12 | AG45: 12 | AH45: 12 | AI45: 12 | AK45: =SUM(F45:AJ45) -> 84 | AL45: =VLOOKUP(C45,[2]T09.2026!$C$97:$E$131,3,0) -> KV07856 | AM45: NVNV | AQ45: =COUNT(F45:AJ45)-COUNTIF(F45:AJ45,0) -> 7 | AR45: =AK45-AT45-AU45 -> 84 | AS45: =IF(AQ45=30,2,IF(AQ45=29,1,0)) -> 0 | AU45: =(SUMIFS(F45:AJ45,F45:AJ45,">12")-(COUNTIF(F45:AJ45,">12")*12)) -> 0 | AV45: =F45+G45 -> 0
B46: 15 | C46: Huỳnh Văn Trí | D46: KV10588 | L46: 12 | Y46: 12 | AF46: 12 | AK46: =SUM(F46:AJ46) -> 36 | AL46: =VLOOKUP(C46,[2]T09.2026!$C$97:$E$131,3,0) -> KV10588 | AM46: NVNV | AQ46: =COUNT(F46:AJ46)-COUNTIF(F46:AJ46,0) -> 3 | AR46: =AK46-AT46-AU46 -> 36 | AS46: =IF(AQ46=30,2,IF(AQ46=29,1,0)) -> 0 | AU46: =(SUMIFS(F46:AJ46,F46:AJ46,">12")-(COUNTIF(F46:AJ46,">12")*12)) -> 0 | AV46: =F46+G46 -> 0
C47: Đến hỗ trợ Ca Đêm | AJ47: =SUM(AJ30:AJ46) -> 406 | AQ47: =COUNT(F47:AJ47)-COUNTIF(F47:AJ47,0) -> 1 | AR47: =AK47-AT47-AU47 -> -394 | AS47: =IF(AQ47=30,2,IF(AQ47=29,1,0)) -> 0 | AU47: =(SUMIFS(F47:AJ47,F47:AJ47,">12")-(COUNTIF(F47:AJ47,">12")*12)) -> 394 | AV47: =F47+G47 -> 0
B48: 01 | C48: Bùi Hữu Trọng | D48: KV13334 | F48: 12 | AK48: =SUM(F48:AJ48) -> 12 | AL48: =VLOOKUP(C48,[2]T09.2026!$C$97:$E$131,3,0) -> KV13334 | AM48: NVNV | AQ48: =COUNT(F48:AJ48)-COUNTIF(F48:AJ48,0) -> 1 | AR48: =AK48-AT48-AU48-AV48 -> 0 | AS48: =IF(AQ48=30,2,IF(AQ48=29,1,0)) -> 0 | AU48: =(SUMIFS(F48:AJ48,F48:AJ48,">12")-(COUNTIF(F48:AJ48,">12")*12)) -> 0 | AV48: =F48+G48 -> 12
B49: 02 | C49: Phạm Anh Huy | D49: KV10823 | AM49: NVNV | AQ49: =COUNT(F49:AJ49)-COUNTIF(F49:AJ49,0) -> 0 | AR49: =AK49-AT49-AU49 -> 0 | AS49: =IF(AQ49=30,2,IF(AQ49=29,1,0)) -> 0 | AU49: =(SUMIFS(F49:AJ49,F49:AJ49,">12")-(COUNTIF(F49:AJ49,">12")*12)) -> 0 | AV49: =F49+G49 -> 0
B50: 03 | C50: Nguyễn Thành Anh Tuấn | D50: KV13404 | AM50: NVNV | AQ50: =COUNT(F50:AJ50)-COUNTIF(F50:AJ50,0) -> 0 | AR50: =AK50-AT50-AU50 -> 0 | AS50: =IF(AQ50=30,2,IF(AQ50=29,1,0)) -> 0 | AU50: =(SUMIFS(F50:AJ50,F50:AJ50,">12")-(COUNTIF(F50:AJ50,">12")*12)) -> 0 | AV50: =F50+G50 -> 0
B51: 04 | C51: Đặng Lư Phương Hiếu | D51: KV13261 | I51: 12 | AK51: =SUM(F51:AJ51) -> 12 | AL51: =VLOOKUP(C51,[2]T09.2026!$C$97:$E$131,3,0) -> KV13261 | AM51: NVNV | AQ51: =COUNT(F51:AJ51)-COUNTIF(F51:AJ51,0) -> 1 | AR51: =AK51-AT51-AU51 -> 12 | AS51: =IF(AQ51=30,2,IF(AQ51=29,1,0)) -> 0 | AU51: =(SUMIFS(F51:AJ51,F51:AJ51,">12")-(COUNTIF(F51:AJ51,">12")*12)) -> 0 | AV51: =F51+G51 -> 0
B52: 05 | C52: Phạm Hoàng Anh Khoa | D52: KV13442 | E52: HLPA | N52: 12 | R52: 12 | S52: 12 | T52: 12 | U52: 12 | V52: 12 | W52: 12 | X52: 12 | AA52: 12 | AD52: 12 | AE52: 12 | AF52: 12 | AG52: 12 | AH52: 12 | AI52: 12 | AK52: =SUM(F52:AJ52) -> 180 | AL52: =VLOOKUP(C52,[2]T09.2026!$C$97:$E$131,3,0) -> KV13442 | AM52: HLPA | AQ52: =COUNT(F52:AJ52)-COUNTIF(F52:AJ52,0) -> 15 | AR52: =AK52-AT52-AU52 -> 180 | AS52: =IF(AQ52=30,2,IF(AQ52=29,1,0)) -> 0 | AU52: =(SUMIFS(F52:AJ52,F52:AJ52,">12")-(COUNTIF(F52:AJ52,">12")*12)) -> 0 | AV52: =F52+G52 -> 0 | AX52: 400000
B53: 06 | C53: Kiều Anh Duy | D53: KV12858 | AM53: NVNV | AQ53: =COUNT(F53:AJ53)-COUNTIF(F53:AJ53,0) -> 0 | AR53: =AK53-AT53-AU53 -> 0 | AS53: =IF(AQ53=30,2,IF(AQ53=29,1,0)) -> 0 | AU53: =(SUMIFS(F53:AJ53,F53:AJ53,">12")-(COUNTIF(F53:AJ53,">12")*12)) -> 0 | AV53: =F53+G53 -> 0
B54: 07 | C54: Văn Tiến Anh | D54: KV13186 | AM54: NVNV | AQ54: =COUNT(F54:AJ54)-COUNTIF(F54:AJ54,0) -> 0 | AR54: =AK54-AT54-AU54 -> 0 | AS54: =IF(AQ54=30,2,IF(AQ54=29,1,0)) -> 0 | AU54: =(SUMIFS(F54:AJ54,F54:AJ54,">12")-(COUNTIF(F54:AJ54,">12")*12)) -> 0 | AV54: =F54+G54 -> 0
B55: 08 | C55: Dung Triển Quang | D55: KV13443 | E55: HLPA | AG55: 12 | AH55: 12 | AI55: 12 | AK55: =SUM(F55:AJ55) -> 36 | AL55: =VLOOKUP(C55,[2]T09.2026!$C$97:$E$131,3,0) -> KV13443 | AM55: HLPA | AQ55: =COUNT(F55:AJ55)-COUNTIF(F55:AJ55,0) -> 3 | AR55: =AK55-AT55-AU55 -> 36 | AS55: =IF(AQ55=30,2,IF(AQ55=29,1,0)) -> 0 | AU55: =(SUMIFS(F55:AJ55,F55:AJ55,">12")-(COUNTIF(F55:AJ55,">12")*12)) -> 0 | AV55: =F55+G55 -> 0 | AX55: 400000
AQ56: =COUNT(F56:AJ56)-COUNTIF(F56:AJ56,0) -> 0 | AR56: =AK56-AT56-AU56 -> 0 | AS56: =IF(AQ56=30,2,IF(AQ56=29,1,0)) -> 0 | AU56: =(SUMIFS(F56:AJ56,F56:AJ56,">12")-(COUNTIF(F56:AJ56,">12")*12)) -> 0 | AV56: =F56+G56 -> 0
AQ57: =COUNT(F57:AJ57)-COUNTIF(F57:AJ57,0) -> 0 | AR57: =AK57-AT57-AU57 -> 0 | AS57: =IF(AQ57=30,2,IF(AQ57=29,1,0)) -> 0 | AU57: =(SUMIFS(F57:AJ57,F57:AJ57,">12")-(COUNTIF(F57:AJ57,">12")*12)) -> 0 | AV57: =F57+G57 -> 0
AQ58: =COUNT(F58:AJ58)-COUNTIF(F58:AJ58,0) -> 0 | AR58: =AK58-AT58-AU58 -> 0 | AS58: =IF(AQ58=30,2,IF(AQ58=29,1,0)) -> 0 | AU58: =(SUMIFS(F58:AJ58,F58:AJ58,">12")-(COUNTIF(F58:AJ58,">12")*12)) -> 0 | AV58: =F58+G58 -> 0
AQ59: =COUNT(F59:AJ59)-COUNTIF(F59:AJ59,0) -> 0 | AR59: =AK59-AT59-AU59 -> 0 | AS59: =IF(AQ59=30,2,IF(AQ59=29,1,0)) -> 0 | AU59: =(SUMIFS(F59:AJ59,F59:AJ59,">12")-(COUNTIF(F59:AJ59,">12")*12)) -> 0 | AV59: =F59+G59 -> 0
AQ60: =COUNT(F60:AJ60)-COUNTIF(F60:AJ60,0) -> 0 | AR60: =AK60-AT60-AU60 -> 0 | AS60: =IF(AQ60=30,2,IF(AQ60=29,1,0)) -> 0 | AU60: =(SUMIFS(F60:AJ60,F60:AJ60,">12")-(COUNTIF(F60:AJ60,">12")*12)) -> 0 | AV60: =F60+G60 -> 0
AQ61: =COUNT(F61:AJ61)-COUNTIF(F61:AJ61,0) -> 0 | AR61: =AK61-AT61-AU61 -> 0 | AS61: =IF(AQ61=31,2,IF(AQ61=30,1,0)) -> 0 | AU61: =(SUMIFS(F61:AJ61,F61:AJ61,">12")-(COUNTIF(F61:AJ61,">12")*12)) -> 0
AQ62: =COUNT(F62:AJ62)-COUNTIF(F62:AJ62,0) -> 0 | AR62: =AK62-AT62-AU62 -> 0 | AS62: =IF(AQ62=31,2,IF(AQ62=30,1,0)) -> 0 | AU62: =(SUMIFS(F62:AJ62,F62:AJ62,">12")-(COUNTIF(F62:AJ62,">12")*12)) -> 0
AQ63: =COUNT(F63:AJ63)-COUNTIF(F63:AJ63,0) -> 0 | AR63: =AK63-AT63-AU63 -> 0 | AS63: =IF(AQ63=31,2,IF(AQ63=30,1,0)) -> 0 | AU63: =(SUMIFS(F63:AJ63,F63:AJ63,">12")-(COUNTIF(F63:AJ63,">12")*12)) -> 0
AQ64: =COUNT(F64:AJ64)-COUNTIF(F64:AJ64,0) -> 0 | AR64: =AK64-AT64-AU64 -> 0 | AS64: =IF(AQ64=31,2,IF(AQ64=30,1,0)) -> 0 | AU64: =(SUMIFS(F64:AJ64,F64:AJ64,">12")-(COUNTIF(F64:AJ64,">12")*12)) -> 0
AK65: =SUM(AK10:AK64) -> 7073.5 | AQ65: =COUNT(F65:AJ65)-COUNTIF(F65:AJ65,0) -> 0 | AR65: =AK65-AT65-AU65 -> 7073.5 | AS65: =IF(AQ65=31,2,IF(AQ65=30,1,0)) -> 0 | AU65: =(SUMIFS(F65:AJ65,F65:AJ65,">12")-(COUNTIF(F65:AJ65,">12")*12)) -> 0

Sheet HLR
B1: BẢNG CHẤM CÔNG NHÂN VIÊN THÁNG 10/2019 | AM1: - Những cột có dấu (*) là bắt buộc người chấm công phải nhập dữ liệu (nếu có)
B2: ( Từ Ngày : 01/10 Đến Ngày : 31/10/2019 )
C3: Bãi xe : HIMLAM RIVERSIDE | AM3: Phần nhập của Quản lý Bãi xe | AQ3: Phần nhập của Phòng HCNS
AM4: (*) | AN4: (*) | AO4: (*) | AP4: (*)
D5: 1 | E5: 2 | F5: 3 | G5: 4 | H5: 5 | I5: 6 | J5: 7 | K5: 8 | L5: 9 | M5: 10 | N5: 11 | O5: 12 | P5: 13 | Q5: 14 | R5: 15 | S5: 16 | T5: 17 | U5: 18 | V5: 19 | W5: 20 | X5: 21 | Y5: 22 | Z5: 23 | AA5: 24 | AB5: 25 | AC5: 26 | AD5: 27 | AE5: 28 | AF5: 29 | AG5: 30 | AH5: 31 | AI5: 32 | AJ5: 33 | AK5: 34 | AL5: 35 | AM5: 36 | AN5: 37 | AO5: 38 | AP5: 39 | AQ5: 40 | AR5: 41 | AS5: 42 | AT5: 43 | AU5: 44 | AV5: 45 | AW5: 46 | AX5: 47 | AY5: 48
B6: Phần in ra cho Nhân viên ký xác nhận
B7: STT | C7: HỌ VÀ TÊN | D7: Thứ | F7: =TEXT(F8,"ddd") -> T3 | G7: =TEXT(G8,"ddd") -> T4 | H7: =TEXT(H8,"ddd") -> T5 | I7: =TEXT(I8,"ddd") -> T6 | J7: =TEXT(J8,"ddd") -> T7 | K7: =TEXT(K8,"ddd") -> CN | L7: =TEXT(L8,"ddd") -> T2 | M7: =TEXT(M8,"ddd") -> T3 | ... AJ7: =TEXT(AJ8,"ddd") | AL7: NV Ký Xác nhận | AM7: Thông tin Tham chiếu | AQ7: Giờ công (h) | AX7: Đánh giá
D8: Ngày | F8: =DATE(SGP!D7,SGP!D6,1) -> 46266 | G8: =IFERROR(IF(F8+1<=EOMONTH(F8,0),F8+1,""),"") -> 46267 | H8: =IFERROR(IF(G8+1<=EOMONTH(G8,0),G8+1,""),"") -> 46268 | I8: =IFERROR(IF(H8+1<=EOMONTH(H8,0),H8+1,""),"") -> 46269 | J8: =IFERROR(IF(I8+1<=EOMONTH(I8,0),I8+1,""),"") -> 46270 | K8: =IFERROR(IF(J8+1<=EOMONTH(J8,0),J8+1,""),"") -> 46271 | L8: =IFERROR(IF(K8+1<=EOMONTH(K8,0),K8+1,""),"") -> 46272 | M8: =IFERROR(IF(L8+1<=EOMONTH(L8,0),L8+1,""),"") -> 46273 | N8: =IFERROR(IF(M8+1<=EOMONTH(M8,0),M8+1,""),"") -> 46274 | ... AJ8: =IFERROR(IF(AI8+1<=EOMONTH(AI8,0),AI8+1,""),"") | AK8: Tổng giờ Công | AM8: Đối tượng / Chức vụ | AN8: Ghi chú (ghi chú phụ cấp) | AO8: Bãi xe (chỉ ghi khi có NV đến hỗ trợ) | AP8: Ca làm việc | AQ8: Tổng số ngày Làm việc trong tháng | AR8: Giờ công thường 1.0 | AS8: Số ngày tăng ca ngày nghỉ | AT8: Tăng ca ngày 1.3 | AU8: Tăng ca giờ 1.5 | AV8: Tăng ca Lễ 2.0 | AW8: Tăng ca tết 3.0 | AX8: Bãi xe Đánh giá | AY8: P. Nhân sự đánh giá
B9: A | C9: Ca Ngày | D9: MSNV | E9: Ngày vào | AK9: =SUM(F9:AJ9) -> 0 | AM9: 2 CỔNG
B10: 1 | C10: Nguyễn Văn QuÍ | D10: KV2218 | E10: 18/02/2017 | F10: 12 | G10: 12 | H10: 12 | I10: OFF | J10: 12 | K10: 12 | L10: 12 | M10: 12 | N10: 12 | O10: 12 | P10: 12 | Q10: 12 | R10: 12 | S10: 12 | T10: 12 | U10: OFF | V10: 12 | W10: 12 | X10: 12 | Y10: 12 | Z10: 12 | AA10: 12 | AB10: OFF | AC10: 12 | AD10: 12 | AE10: 12 | AF10: 12 | AG10: 12 | AH10: OFF | AI10: 12 | AM10: Đội trưởng | AY10: A
B11: 2 | C11: Phan Thế Nghĩa | D11: KV07146 | E11: 44048 | F11: 12 | G11: 12 | H11: 12 | I11: 12 | J11: 12 | K11: OFF | L11: OFF | M11: 12 | N11: 12 | O11: 12 | P11: 12 | Q11: 12 | R11: 12 | S11: 12 | T11: 12 | U11: 12 | V11: 12 | W11: 12 | X11: 12 | Y11: 12 | Z11: 12 | AA11: 12 | AB11: 12 | AC11: 12 | AD11: 12 | AE11: 12 | AF11: 12 | AG11: 12 | AH11: 12 | AI11: 12 | AK11: =SUM(F11:AJ11) -> 336 | AL11: =VLOOKUP(C11,[2]T09.2026!$C$135:$E$154,3,0) -> KV07146 | AM11: Ca phó | AQ11: =COUNT(F11:AJ11)-COUNTIF(F11:AJ11,0) -> 28 | AR11: =AK11-AT11-AU11 -> 336 | AS11: =IF(AQ11=30,2,IF(AQ11=29,1,0)) -> 0 | AU11: =(SUMIFS(F11:AJ11,F11:AJ11,">12")-(COUNTIF(F11:AJ11,">12")*12)) -> 0 | AV11: =F11+G11 -> 24 | AY11: A
B12: 3 | C12: Phạm Thị Thúy Hằng | D12: KV04923 | E12: 19.06.2023 | F12: 12 | G12: 12 | H12: 12 | I12: 12 | J12: OFF | K12: 12 | L12: 12 | M12: 12 | N12: 12 | O12: OFF | P12: 12 | Q12: 12 | R12: 12 | S12: 12 | T12: 12 | U12: 12 | V12: 12 | W12: 12 | X12: 12 | Y12: 12 | Z12: 12 | AA12: 12 | AB12: 12 | AC12: 12 | AD12: 12 | AE12: OFF | AF12: 12 | AG12: 12 | AH12: 12 | AI12: 12 | AK12: =SUM(F12:AJ12) -> 324 | AL12: =VLOOKUP(C12,[2]T09.2026!$C$135:$E$154,3,0) -> KV04923 | AM12: Nhân Viên | AN12: Phụ cấp cổng ra | AO12: 200000 | AQ12: =COUNT(F12:AJ12)-COUNTIF(F12:AJ12,0) -> 27 | AR12: =AK12-AT12-AU12 -> 324 | AS12: =IF(AQ12=30,2,IF(AQ12=29,1,0)) -> 0 | AU12: =(SUMIFS(F12:AJ12,F12:AJ12,">12")-(COUNTIF(F12:AJ12,">12")*12)) -> 0 | AV12: =F12+G12 -> 24 | AY12: A
B13: 4 | C13: Đoàn Hoàn Hùng | D13: KV03629 | E13: 43223 | F13: 12 | G13: 12 | H13: 12 | I13: 12 | J13: 12 | K13: 12 | L13: 12 | M13: 12 | N13: 12 | O13: 12 | P13: 12 | Q13: 12 | R13: OFF | S13: 12 | T13: 12 | U13: 12 | V13: 12 | W13: 12 | X13: 12 | Y13: 12 | Z13: 12 | AA13: 12 | AB13: 12 | AC13: 12 | AD13: 12 | AE13: 12 | AF13: 12 | AG13: 12 | AH13: 12 | AI13: 12 | AK13: =SUM(F13:AJ13) -> 348 | AL13: =VLOOKUP(C13,[2]T09.2026!$C$135:$E$154,3,0) -> KV03629 | AM13: Nhân Viên | AQ13: =COUNT(F13:AJ13)-COUNTIF(F13:AJ13,0) -> 29 | AR13: =AK13-AT13-AU13 -> 336 | AS13: =IF(AQ13=30,2,IF(AQ13=29,1,0)) -> 1 | AT13: 12 | AU13: =(SUMIFS(F13:AJ13,F13:AJ13,">12")-(COUNTIF(F13:AJ13,">12")*12)) -> 0 | AV13: =F13+G13 -> 24 | AY13: A
B14: 5 | C14: Mã Yến Nhi | D14: KV12564 | E14: 25/10/2025 | F14: 12 | G14: 12 | H14: OFF | I14: 12 | J14: 12 | K14: 12 | L14: 12 | M14: 12 | N14: 12 | O14: 12 | P14: OFF | Q14: OFF | R14: 12 | S14: 12 | T14: 12 | U14: 12 | V14: 12 | W14: OFF | X14: 12 | Y14: 12 | Z14: OFF | AA14: 12 | AB14: 12 | AC14: 12 | AD14: 12 | AE14: 12 | AF14: OFF | AG14: 12 | AH14: 12 | AI14: OFF | AK14: =SUM(F14:AJ14) -> 276 | AL14: =VLOOKUP(C14,[2]T09.2026!$C$135:$E$154,3,0) -> KV12564 | AM14: Nhân Viên | AN14: Phụ cấp cổng vào | AO14: 200000 | AQ14: =COUNT(F14:AJ14)-COUNTIF(F14:AJ14,0) -> 23 | AR14: =AK14-AT14-AU14 -> 276 | AS14: =IF(AQ14=30,2,IF(AQ14=29,1,0)) -> 0 | AU14: =(SUMIFS(F14:AJ14,F14:AJ14,">12")-(COUNTIF(F14:AJ14,">12")*12)) -> 0 | AV14: =F14+G14 -> 24 | AY14: A
B15: 6 | C15: Lương Thành Phát | D15: KV06096 | E15: 19/05/2020 | F15: OFF | G15: 12 | H15: 12 | I15: 12 | J15: 12 | K15: 12 | L15: 12 | M15: 12 | N15: 16 | O15: 16 | P15: 12 | Q15: 12 | R15: 12 | S15: 12 | T15: 12 | U15: 12 | V15: 12 | W15: 12 | X15: 12 | Y15: OFF | Z15: 12 | AA15: 12 | AB15: 12 | AC15: 12 | AD15: 12 | AE15: 12 | AF15: 12 | AG15: 12 | AH15: 12 | AI15: 12 | AK15: =SUM(F15:AJ15) -> 344 | AL15: =VLOOKUP(C15,[2]T09.2026!$C$135:$E$154,3,0) -> KV06096 | AM15: Nhân Viên | AQ15: =COUNT(F15:AJ15)-COUNTIF(F15:AJ15,0) -> 28 | AR15: =AK15-AT15-AU15 -> 336 | AS15: =IF(AQ15=30,2,IF(AQ15=29,1,0)) -> 0 | AU15: =(SUMIFS(F15:AJ15,F15:AJ15,">12")-(COUNTIF(F15:AJ15,">12")*12)) -> 8 | AV15: 12
B16: 7 | C16: Đặng Đăng Đông | D16: KV12095 | E16: 45693 | F16: 4 | G16: 12 | H16: 12 | I16: 12 | J16: 12 | K16: 12 | L16: 15 | M16: 15 | N16: 12 | O16: 12 | P16: 12 | Q16: 12 | R16: 12 | S16: OFF | T16: 12 | U16: 12 | V16: 12 | W16: 12 | X16: 12 | Y16: 12 | Z16: 12 | AA16: 12 | AB16: 12 | AC16: 12 | AD16: 15 | AE16: 15 | AF16: 12 | AG16: 12 | AH16: 12 | AI16: 12 | AK16: =SUM(F16:AJ16) -> 352 | AL16: =VLOOKUP(C16,[2]T09.2026!$C$135:$E$154,3,0) -> KV12095 | AM16: Nhân Viên | AQ16: =COUNT(F16:AJ16)-COUNTIF(F16:AJ16,0) -> 29 | AR16: =AK16-AT16-AU16 -> 328 | AS16: =IF(AQ16=30,2,IF(AQ16=29,1,0)) -> 1 | AT16: 12 | AU16: =(SUMIFS(F16:AJ16,F16:AJ16,">12")-(COUNTIF(F16:AJ16,">12")*12)) -> 12 | AV16: =F16+G16 -> 16
B17: B | C17: Ca Đêm | AQ17: =COUNT(F17:AJ17)-COUNTIF(F17:AJ17,0) -> 0 | AR17: =AK17-AT17-AU17 -> 0 | AS17: =IF(AQ17=30,2,IF(AQ17=29,1,0)) -> 0 | AU17: =(SUMIFS(F17:AJ17,F17:AJ17,">12")-(COUNTIF(F17:AJ17,">12")*12)) -> 0 | AV17: =F17+G17 -> 0
B18: 1 | C18: Nguyễn Văn Quí | AM18: Đội trưởng | AQ18: =COUNT(F18:AJ18)-COUNTIF(F18:AJ18,0) -> 0 | AR18: =AK18-AT18-AU18 -> 0 | AS18: =IF(AQ18=30,2,IF(AQ18=29,1,0)) -> 0 | AU18: =(SUMIFS(F18:AJ18,F18:AJ18,">12")-(COUNTIF(F18:AJ18,">12")*12)) -> 0 | AV18: =F18+G18 -> 0 | AX18: 400000
B19: 2 | C19: Hồ Hữu Thành | D19: KV01239 | E19: 42510 | F19: CHUYỂN TỪ SRC | T19: 12 | U19: OFF | V19: OFF | W19: 12 | X19: 12 | Y19: 12 | Z19: 12 | AA19: 12 | AB19: 12 | AC19: 12 | AD19: 12 | AE19: 12 | AF19: 12 | AG19: 12 | AH19: 12 | AI19: 12 | AK19: =SUM(F19:AJ19) -> 168 | AL19: =VLOOKUP(C19,[2]T09.2026!$C$135:$E$154,3,0) -> KV01239 | AM19: Ca Trưởng | AQ19: =COUNT(F19:AJ19)-COUNTIF(F19:AJ19,0) -> 14 | AR19: =AK19-AT19-AU19 -> 168 | AS19: =IF(AQ19=30,2,IF(AQ19=29,1,0)) -> 0 | AU19: =(SUMIFS(F19:AJ19,F19:AJ19,">12")-(COUNTIF(F19:AJ19,">12")*12)) -> 0 | AX19: 400000
B20: 3 | C20: Trương Văn Hữu | D20: KV01118 | E20: 42465 | F20: 12 | G20: 12 | H20: 12 | I20: 12 | J20: 12 | K20: 12 | L20: 12 | M20: 12 | N20: OFF | O20: OFF | P20: 12 | Q20: 12 | R20: 12 | S20: 12 | T20: 12 | U20: 12 | V20: 12 | W20: 12 | X20: 12 | Y20: 12 | Z20: 12 | AA20: 12 | AB20: 12 | AC20: 12 | AD20: 12 | AE20: 12 | AF20: 12 | AG20: 12 | AH20: 12 | AI20: 12 | AK20: =SUM(F20:AJ20) -> 336 | AL20: =VLOOKUP(C20,[2]T09.2026!$C$135:$E$154,3,0) -> KV01118 | AM20: Nhân Viên | AN20: Phụ cấp cổng vào | AO20: 200000 | AQ20: =COUNT(F20:AJ20)-COUNTIF(F20:AJ20,0) -> 28 | AR20: =AK20-AT20-AU20 -> 336 | AS20: =IF(AQ20=30,2,IF(AQ20=29,1,0)) -> 0 | AU20: =(SUMIFS(F20:AJ20,F20:AJ20,">12")-(COUNTIF(F20:AJ20,">12")*12)) -> 0 | AV20: =F20+G20 -> 24 | AX20: 400000
B21: 4 | C21: Nguyễn Văn Huê | D21: KV04335 | E21: 43435 | F21: 12 | G21: 12 | H21: 12 | I21: 12 | J21: 12 | K21: 12 | L21: 12 | M21: 12 | N21: 12 | O21: 12 | P21: 12 | Q21: 12 | R21: 12 | S21: 12 | T21: 12 | U21: 12 | V21: 12 | W21: 12 | X21: 12 | Y21: 12 | Z21: 12 | AA21: 12 | AB21: 12 | AC21: 12 | AD21: 12 | AE21: 12 | AF21: 12 | AG21: 12 | AH21: 12 | AI21: 12 | AK21: =SUM(F21:AJ21) -> 360 | AL21: =VLOOKUP(C21,[2]T09.2026!$C$135:$E$154,3,0) -> KV04335 | AM21: Nhân Viên | AQ21: =COUNT(F21:AJ21)-COUNTIF(F21:AJ21,0) -> 30 | AR21: =AK21-AT21-AU21 -> 336 | AS21: =IF(AQ21=30,2,IF(AQ21=29,1,0)) -> 2 | AT21: 24 | AU21: =(SUMIFS(F21:AJ21,F21:AJ21,">12")-(COUNTIF(F21:AJ21,">12")*12)) -> 0 | AV21: =F21+G21 -> 24 | AX21: 400000
B22: 5 | C22: Phạm Hồng Phúc | D22: KV11191 | E22: 45298 | F22: 12 | G22: 12 | H22: 12 | I22: 12 | J22: 12 | K22: 12 | L22: 12 | M22: 12 | N22: 12 | O22: 12 | P22: 12 | Q22: 12 | R22: 12 | S22: 12 | T22: 12 | U22: 12 | V22: 12 | W22: 12 | X22: 12 | Y22: 16 | Z22: 12 | AA22: 12 | AB22: 12 | AC22: 12 | AD22: 12 | AE22: 12 | AF22: 16 | AG22: 12 | AH22: 12 | AI22: 12 | AK22: =SUM(F22:AJ22) -> 368 | AL22: =VLOOKUP(C22,[2]T09.2026!$C$135:$E$154,3,0) -> KV11191 | AM22: Nhân Viên | AN22: Phụ cấp cổng ra | AO22: 200000 | AQ22: =COUNT(F22:AJ22)-COUNTIF(F22:AJ22,0) -> 30 | AR22: =AK22-AT22-AU22 -> 336 | AS22: =IF(AQ22=30,2,IF(AQ22=29,1,0)) -> 2 | AT22: 24 | AU22: =(SUMIFS(F22:AJ22,F22:AJ22,">12")-(COUNTIF(F22:AJ22,">12")*12)) -> 8 | AV22: =F22+G22 -> 24 | AX22: 400000
B23: 6 | C23: Phạm Vũ | D23: KV10098 | E23: 45041 | F23: 12 | G23: 12 | H23: 12 | I23: 12 | J23: 12 | K23: 12 | L23: 12 | M23: 12 | N23: 12 | O23: 12 | P23: 12 | Q23: 12 | R23: 12 | S23: 12 | T23: 12 | U23: 12 | V23: 12 | W23: 12 | X23: 12 | Y23: 12 | Z23: 12 | AA23: 12 | AB23: 12 | AC23: 12 | AD23: 12 | AE23: 12 | AF23: 12 | AG23: 12 | AH23: 12 | AI23: 12 | AK23: =SUM(F23:AJ23) -> 360 | AL23: =VLOOKUP(C23,[2]T09.2026!$C$135:$E$154,3,0) -> KV10098 | AM23: Nhân Viên | AQ23: =COUNT(F23:AJ23)-COUNTIF(F23:AJ23,0) -> 30 | AR23: =AK23-AT23-AU23 -> 336 | AS23: =IF(AQ23=30,2,IF(AQ23=29,1,0)) -> 2 | AT23: 24 | AU23: =(SUMIFS(F23:AJ23,F23:AJ23,">12")-(COUNTIF(F23:AJ23,">12")*12)) -> 0 | AV23: =F23+G23 -> 24 | AX23: 400000
B24: 7 | C24: Nguyễn Ngọc Mười | D24: KV07165 | E24: 44112 | F24: 12 | G24: 12 | H24: 12 | I24: 12 | J24: 12 | K24: 12 | L24: 12 | M24: 12 | N24: 12 | O24: 12 | P24: 12 | Q24: 12 | R24: 12 | S24: 12 | T24: 12 | U24: 12 | V24: 12 | W24: 12 | X24: 12 | Y24: 12 | Z24: 12 | AA24: 12 | AB24: 12 | AC24: 12 | AD24: 12 | AE24: OFF | AF24: OFF | AG24: OFF | AH24: OFF | AI24: 12 | AK24: =SUM(F24:AJ24) -> 312 | AL24: =VLOOKUP(C24,[2]T09.2026!$C$135:$E$154,3,0) -> KV07165 | AM24: Nhân Viên | AQ24: =COUNT(F24:AJ24)-COUNTIF(F24:AJ24,0) -> 26 | AR24: =AK24-AT24-AU24 -> 312 | AS24: =IF(AQ24=30,2,IF(AQ24=29,1,0)) -> 0 | AU24: =(SUMIFS(F24:AJ24,F24:AJ24,">12")-(COUNTIF(F24:AJ24,">12")*12)) -> 0 | AV24: =F24+G24 -> 24 | AX24: 400000
B25: 8 | C25: Nguyễn Hoài Anh | D25: KV11448 | E25: 18/5/2026 | F25: 12 | G25: 12 | H25: 12 | I25: 12 | J25: 12 | K25: 12 | L25: 12 | M25: 12 | N25: 12 | O25: 12 | P25: 12 | Q25: 12 | R25: 12 | S25: 12 | T25: 12 | U25: 12 | V25: 12 | W25: 12 | X25: 4 | Y25: 12 | Z25: 12 | AA25: 12 | AB25: 12 | AC25: 12 | AD25: OFF | AE25: OFF | AF25: 12 | AG25: 12 | AH25: 12 | AI25: 12 | AK25: =SUM(F25:AJ25) -> 328 | AL25: =VLOOKUP(C25,[2]T09.2026!$C$135:$E$154,3,0) -> KV11448 | AM25: Nhân Viên | AQ25: =COUNT(F25:AJ25)-COUNTIF(F25:AJ25,0) -> 28 | AR25: =AK25-AT25-AU25 -> 328 | AS25: =IF(AQ25=30,2,IF(AQ25=29,1,0)) -> 0 | AU25: =(SUMIFS(F25:AJ25,F25:AJ25,">12")-(COUNTIF(F25:AJ25,">12")*12)) -> 0 | AV25: =F25+G25 -> 24 | AX25: 400000
B26: C | C26: Đến hỗ trợ Ca Ngày | AQ26: =COUNT(F26:AJ26)-COUNTIF(F26:AJ26,0) -> 0 | AR26: =AK26-AT26-AU26 -> 0 | AS26: =IF(AQ26=30,2,IF(AQ26=29,1,0)) -> 0 | AU26: =(SUMIFS(F26:AJ26,F26:AJ26,">12")-(COUNTIF(F26:AJ26,">12")*12)) -> 0 | AV26: =F26+G26 -> 0
B27: 1 | C27: Bùi Huy Hải | D27: PNV | I27: 12 | U27: 12 | AM27: NG.V | AQ27: =COUNT(F27:AJ27)-COUNTIF(F27:AJ27,0) -> 2 | AR27: =AK27-AT27-AU27 -> 0 | AS27: =IF(AQ27=30,2,IF(AQ27=29,1,0)) -> 0 | AU27: =(SUMIFS(F27:AJ27,F27:AJ27,">12")-(COUNTIF(F27:AJ27,">12")*12)) -> 0 | AV27: =F27+G27 -> 0
B28: 2 | C28: Lê Thanh Bình | D28: PNV | AB28: 12 | AH28: 12 | AM28: NG.V | AQ28: =COUNT(F28:AJ28)-COUNTIF(F28:AJ28,0) -> 2 | AR28: =AK28-AT28-AU28 -> 0 | AS28: =IF(AQ28=30,2,IF(AQ28=29,1,0)) -> 0 | AU28: =(SUMIFS(F28:AJ28,F28:AJ28,">12")-(COUNTIF(F28:AJ28,">12")*12)) -> 0 | AV28: =F28+G28 -> 0
B29: 3 | C29: Ng. Hoài Thiên Phúc | D29: CĐ | AM29: CĐ | AQ29: =COUNT(F29:AJ29)-COUNTIF(F29:AJ29,0) -> 0 | AR29: =AK29-AT29-AU29 -> 0 | AS29: =IF(AQ29=30,2,IF(AQ29=29,1,0)) -> 0 | AU29: =(SUMIFS(F29:AJ29,F29:AJ29,">12")-(COUNTIF(F29:AJ29,">12")*12)) -> 0 | AV29: =F29+G29 -> 0
B30: 4 | C30: Lê Phước Hữu | D30: SRCS | F30: X | K30: X | L30: X | O30: X | P30: X | Q30: X | R30: X | S30: X | Z30: X | AL30: 9 ngày | AM30: SRCS | AQ30: =COUNT(F30:AJ30)-COUNTIF(F30:AJ30,0) -> 0 | AR30: =AK30-AT30-AU30 -> 0 | AS30: =IF(AQ30=30,2,IF(AQ30=29,1,0)) -> 0 | AU30: =(SUMIFS(F30:AJ30,F30:AJ30,">12")-(COUNTIF(F30:AJ30,">12")*12)) -> 0
B31: 5 | C31: Trương Văn Rẻn | D31: KV12312 | F31: 12 | J31: X | Q31: 5 | W31: X | Y31: X | AE31: X | AF31: X | AI31: X | AK31: =SUM(F31:AJ31) -> 17 | AL31: 6 ngày | AM31: SRCS | AQ31: =COUNT(F31:AJ31)-COUNTIF(F31:AJ31,0) -> 2 | AR31: =AK31-AT31-AU31 -> 16 | AS31: =IF(AQ31=30,2,IF(AQ31=29,1,0)) -> 0 | AU31: 1 | AV31: =F31+G31 -> 12
B32: D | C32: Đến hỗ trợ Ca Đêm | AQ32: =COUNT(F32:AJ32)-COUNTIF(F32:AJ32,0) -> 0 | AR32: =AK32-AT32-AU32 -> 0 | AS32: =IF(AQ32=30,2,IF(AQ32=29,1,0)) -> 0 | AU32: =(SUMIFS(F32:AJ32,F32:AJ32,">12")-(COUNTIF(F32:AJ32,">12")*12)) -> 0 | AV32: =F32+G32 -> 0
B33: 1 | C33: Nguyễn Thanh Hiền | D33: SRCS | F33: X | G33: X | H33: X | I33: X | J33: X | K33: X | M33: X | N33: X | O33: X | P33: X | Q33: X | R33: X | S33: X | U33: X | V33: X | AL33: 15 ngày | AM33: SRCS | AQ33: =COUNT(F33:AJ33)-COUNTIF(F33:AJ33,0) -> 0 | AR33: =AK33-AT33-AU33 -> 0 | AS33: =IF(AQ33=30,2,IF(AQ33=29,1,0)) -> 0 | AU33: =(SUMIFS(F33:AJ33,F33:AJ33,">12")-(COUNTIF(F33:AJ33,">12")*12)) -> 0
B34: 2 | C34: Bùi Hữu Trọng | D34: KV13334 | L34: 12 | N34: 12 | O34: 4 | AK34: =SUM(F34:AJ34) -> 28 | AL34: =VLOOKUP(C34,[2]T09.2026!$C$135:$E$154,3,0) -> KV13334 | AM34: SRCS | AQ34: =COUNT(F34:AJ34)-COUNTIF(F34:AJ34,0) -> 3 | AR34: =AK34-AT34-AU34 -> 28 | AS34: =IF(AQ34=30,2,IF(AQ34=29,1,0)) -> 0 | AU34: =(SUMIFS(F34:AJ34,F34:AJ34,">12")-(COUNTIF(F34:AJ34,">12")*12)) -> 0 | AV34: =F34+G34 -> 0
B35: 3 | C35: Trần Văn Vân | D35: SRCS | F35: X | G35: X | H35: X | I35: X | J35: X | K35: X | L35: X | M35: X | N35: X | O35: X | P35: X | Q35: X | R35: X | S35: X | T35: X | U35: X | V35: X | W35: X | X35: X | Y35: X | Z35: X | AA35: X | AB35: X | AC35: X | AD35: X | AE35: X | AF35: X | AG35: X | AH35: X | AI35: X | AL35: 30 ngày | AM35: SRCS | AQ35: =COUNT(F35:AJ35)-COUNTIF(F35:AJ35,0) -> 0 | AR35: =AK35-AT35-AU35 -> 0 | AS35: =IF(AQ35=30,2,IF(AQ35=29,1,0)) -> 0 | AU35: =(SUMIFS(F35:AJ35,F35:AJ35,">12")-(COUNTIF(F35:AJ35,">12")*12)) -> 0
B36: 4 | C36: Mai Lê Đức Trung | D36: KV13494 | E36: 46280 | AH36: 12 | AI36: 12 | AK36: =SUM(F36:AJ36) -> 24 | AL36: =VLOOKUP(C36,[2]T09.2026!$C$135:$E$154,3,0) -> KV13494 | AQ36: =COUNT(F36:AJ36)-COUNTIF(F36:AJ36,0) -> 2 | AR36: =AK36-AT36-AU36 -> 24 | AS36: =IF(AQ36=30,2,IF(AQ36=29,1,0)) -> 0 | AU36: =(SUMIFS(F36:AJ36,F36:AJ36,">12")-(COUNTIF(F36:AJ36,">12")*12)) -> 0 | AV36: =F36+G36 -> 0
B37: E | C37: Đi Hỗ trợ | AQ37: =COUNT(F37:AJ37)-COUNTIF(F37:AJ37,0) -> 0 | AR37: =AK37-AT37-AU37 -> 0 | AS37: =IF(AQ37=30,2,IF(AQ37=29,1,0)) -> 0 | AU37: =(SUMIFS(F37:AJ37,F37:AJ37,">12")-(COUNTIF(F37:AJ37,">12")*12)) -> 0 | AV37: =F37+G37 -> 0
B38: 1 | C38: Lương Thành Phát | D38: KV6096 | E38: 19/05/2020 | G38: X | I38: X | R38: X | S38: X | T38: X | U38: X | AC38: X | AD38: X | AE38: X | AQ38: =COUNT(F38:AJ38)-COUNTIF(F38:AJ38,0) -> 0 | AR38: =AK38-AT38-AU38 -> 0 | AS38: =IF(AQ38=30,2,IF(AQ38=29,1,0)) -> 0 | AU38: =(SUMIFS(F38:AJ38,F38:AJ38,">12")-(COUNTIF(F38:AJ38,">12")*12)) -> 0
B39: 2 | C39: Đặng Đăng Đông | D39: KV12095 | E39: 45693 | F39: X | G39: X | H39: X | I39: X | J39: X | K39: X | L39: X | M39: X | N39: X | O39: X | P39: X | Q39: X | R39: X | T39: X | U39: X | V39: X | W39: X | X39: X | Y39: X | Z39: X | AA39: X | AB39: X | AC39: X | AD39: X | AE39: X | AF39: X | AG39: X | AH39: X | AI39: X | AQ39: =COUNT(F39:AJ39)-COUNTIF(F39:AJ39,0) -> 0 | AR39: =AK39-AT39-AU39 -> 0 | AS39: =IF(AQ39=31,2,IF(AQ39=30,1,0)) -> 0 | AU39: =(SUMIFS(F39:AJ39,F39:AJ39,">12")-(COUNTIF(F39:AJ39,">12")*12)) -> 0
B40: 3 | C40: Đoàn Hoàn Hùng | D40: KV 3629 | E40: 43223 | F40: X | G40: X | H40: X | I40: X | J40: X | K40: X | L40: X | M40: X | N40: X | O40: X | P40: X | Q40: X | AQ40: =COUNT(F40:AJ40)-COUNTIF(F40:AJ40,0) -> 0 | AR40: =AK40-AT40-AU40 -> 0 | AS40: =IF(AQ40=31,2,IF(AQ40=30,1,0)) -> 0 | AU40: =(SUMIFS(F40:AJ40,F40:AJ40,">12")-(COUNTIF(F40:AJ40,">12")*12)) -> 0
B41: 4 | C41: Phạm Hồng Phúc | D41: KV 11191 | E41: 45298 | Z41: X | AI41: X | AQ41: =COUNT(F41:AJ41)-COUNTIF(F41:AJ41,0) -> 0 | AR41: =AK41-AT41-AU41 -> 0 | AS41: =IF(AQ41=31,2,IF(AQ41=30,1,0)) -> 0 | AU41: =(SUMIFS(F41:AJ41,F41:AJ41,">12")-(COUNTIF(F41:AJ41,">12")*12)) -> 0
B42: 5 | C42: Nguyễn Hoài Anh | D42: KV 11448 | E42: 18/5/2026 | F42: X | X42: 8 | AQ42: =COUNT(F42:AJ42)-COUNTIF(F42:AJ42,0) -> 1 | AR42: =AK42-AT42-AU42 -> 0 | AS42: =IF(AQ42=31,2,IF(AQ42=30,1,0)) -> 0 | AU42: =(SUMIFS(F42:AJ42,F42:AJ42,">12")-(COUNTIF(F42:AJ42,">12")*12)) -> 0
B43: F | C43: Hỗ trợ kiểm tra vị trí | AQ43: =COUNT(F43:AJ43)-COUNTIF(F43:AJ43,0) -> 0 | AR43: =AK43-AT43-AU43 -> 0 | AS43: =IF(AQ43=31,2,IF(AQ43=30,1,0)) -> 0 | AU43: =(SUMIFS(F43:AJ43,F43:AJ43,">12")-(COUNTIF(F43:AJ43,">12")*12)) -> 0
AQ44: =COUNT(F44:AJ44)-COUNTIF(F44:AJ44,0) -> 0 | AR44: =AK44-AT44-AU44 -> 0 | AS44: =IF(AQ44=31,2,IF(AQ44=30,1,0)) -> 0 | AU44: =(SUMIFS(F44:AJ44,F44:AJ44,">12")-(COUNTIF(F44:AJ44,">12")*12)) -> 0
AQ45: =COUNT(F45:AJ45)-COUNTIF(F45:AJ45,0) -> 0 | AR45: =AK45-AT45-AU45 -> 0 | AS45: =IF(AQ45=31,2,IF(AQ45=30,1,0)) -> 0 | AU45: =(SUMIFS(F45:AJ45,F45:AJ45,">12")-(COUNTIF(F45:AJ45,">12")*12)) -> 0
AQ46: =COUNT(F46:AJ46)-COUNTIF(F46:AJ46,0) -> 0 | AR46: =AK46-AT46-AU46 -> 0 | AS46: =IF(AQ46=31,2,IF(AQ46=30,1,0)) -> 0 | AU46: =(SUMIFS(F46:AJ46,F46:AJ46,">12")-(COUNTIF(F46:AJ46,">12")*12)) -> 0
AQ47: =COUNT(F47:AJ47)-COUNTIF(F47:AJ47,0) -> 0 | AR47: =AK47-AT47-AU47 -> 0 | AS47: =IF(AQ47=31,2,IF(AQ47=30,1,0)) -> 0 | AU47: =(SUMIFS(F47:AJ47,F47:AJ47,">12")-(COUNTIF(F47:AJ47,">12")*12)) -> 0
AQ48: =COUNT(F48:AJ48)-COUNTIF(F48:AJ48,0) -> 0 | AR48: =AK48-AT48-AU48 -> 0 | AS48: =IF(AQ48=30,2,IF(AQ48=29,1,0)) -> 0 | AU48: =SUMIFS(F48:AJ48,F48:AJ48,">12")-(COUNTIF(F48:AJ48,">12")*12) -> 0
AQ49: =COUNT(F49:AJ49)-COUNTIF(F49:AJ49,0) -> 0 | AR49: =AK49-AT49-AU49 -> 0 | AS49: =IF(AQ49=30,2,IF(AQ49=29,1,0)) -> 0 | AU49: =SUMIFS(F49:AJ49,F49:AJ49,">12")-(COUNTIF(F49:AJ49,">12")*12) -> 0
AQ50: =COUNT(F50:AJ50)-COUNTIF(F50:AJ50,0) -> 0 | AR50: =AK50-AT50-AU50 -> 0 | AS50: =IF(AQ50=30,2,IF(AQ50=29,1,0)) -> 0 | AU50: =SUMIFS(F50:AJ50,F50:AJ50,">12")-(COUNTIF(F50:AJ50,">12")*12) -> 0
AK51: =SUM(AK10:AK50) -> 4281 | AQ51: =COUNT(F51:AJ51)-COUNTIF(F51:AJ51,0) -> 0 | AR51: =AK51-AT51-AU51 -> 4281 | AS51: =IF(AQ51=30,2,IF(AQ51=29,1,0)) -> 0 | AU51: =SUMIFS(F51:AJ51,F51:AJ51,">12")-(COUNTIF(F51:AJ51,">12")*12) -> 0

Sheet SAP
B1: BẢNG CHẤM CÔNG NHÂN VIÊN THÁNG 10/2019 | AM1: - Những cột có dấu (*) là bắt buộc người chấm công phải nhập dữ liệu (nếu có)
B2: ( Từ Ngày 01/10/2019 Đến 31/10/2019)
C3: Bãi xe:SAP | AM3: Phần nhập của Quản lý Bãi xe | AQ3: Phần nhập của Phòng HCNS
AM4: (*) | AN4: (*) | AO4: (*) | AP4: (*)
D5: 1 | E5: 2 | F5: 3 | G5: 4 | H5: 5 | I5: 6 | J5: 7 | K5: 8 | L5: 9 | M5: 10 | N5: 11 | O5: 12 | P5: 13 | Q5: 14 | R5: 15 | S5: 16 | T5: 17 | U5: 18 | V5: 19 | W5: 20 | X5: 21 | Y5: 22 | Z5: 23 | AA5: 24 | AB5: 25 | AC5: 26 | AD5: 27 | AE5: 28 | AF5: 29 | AG5: 30 | AH5: 31 | AI5: 32 | AJ5: 33 | AK5: 34 | AL5: 35 | AM5: 36 | AN5: 37 | AO5: 38 | AP5: 39 | AQ5: 40 | AR5: 41 | AS5: 42 | AT5: 43 | AU5: 44 | AV5: 45 | AW5: 46 | AX5: 47 | AY5: 48
B6: Phần in ra cho Nhân viên ký xác nhận
B7: STT | C7: HỌ VÀ TÊN | D7: Thứ | F7: =TEXT(F8,"ddd") -> T3 | G7: =TEXT(G8,"ddd") -> T4 | H7: =TEXT(H8,"ddd") -> T5 | I7: =TEXT(I8,"ddd") -> T6 | J7: =TEXT(J8,"ddd") -> T7 | K7: =TEXT(K8,"ddd") -> CN | L7: =TEXT(L8,"ddd") -> T2 | M7: =TEXT(M8,"ddd") -> T3 | ... AJ7: =TEXT(AJ8,"ddd") | AL7: NV Ký Xác nhận | AM7: Thông tin Tham chiếu | AQ7: Giờ công (h) | AX7: Đánh giá
D8: Ngày | F8: =DATE(SGP!D7,SGP!D6,1) -> 46266 | G8: =IFERROR(IF(F8+1<=EOMONTH(F8,0),F8+1,""),"") -> 46267 | H8: =IFERROR(IF(G8+1<=EOMONTH(G8,0),G8+1,""),"") -> 46268 | I8: =IFERROR(IF(H8+1<=EOMONTH(H8,0),H8+1,""),"") -> 46269 | J8: =IFERROR(IF(I8+1<=EOMONTH(I8,0),I8+1,""),"") -> 46270 | K8: =IFERROR(IF(J8+1<=EOMONTH(J8,0),J8+1,""),"") -> 46271 | L8: =IFERROR(IF(K8+1<=EOMONTH(K8,0),K8+1,""),"") -> 46272 | M8: =IFERROR(IF(L8+1<=EOMONTH(L8,0),L8+1,""),"") -> 46273 | N8: =IFERROR(IF(M8+1<=EOMONTH(M8,0),M8+1,""),"") -> 46274 | ... AJ8: =IFERROR(IF(AI8+1<=EOMONTH(AI8,0),AI8+1,""),"") | AK8: Tổng giờ Công | AM8: Đối tượng / Chức vụ | AN8: Ghi chú (ghi chú phụ cấp) | AO8: Bãi xe (chỉ ghi khi có NV đến hỗ trợ) | AP8: Ca làm việc | AQ8: Tổng số ngày Làm việc trong tháng | AR8: Giờ công thường 1.0 | AS8: Số ngày tăng ca ngày nghỉ | AT8: Tăng ca ngày 1.3 | AU8: Tăng ca giờ 1.5 | AV8: Tăng ca Lễ 2.0 | AW8: Tăng ca tết 3.0 | AX8: Bãi xe Đánh giá | AY8: P. Nhân sự đánh giá
B9: A | C9: Ca Ngày | D9: MSNV | AN9: 2 CỔNG | AS9: 0 | AT9: 0 | AU9: 0 | AV9: 0 | AW9: 0 | AX9: 0 | AY9: 0
B10: 1 | C10: Đinh Long Quang | F10: 9 | G10: 9 | H10: 9 | I10: 9 | J10: 4 | K10: 0 | L10: 9 | M10: 9 | N10: 9 | O10: 9 | P10: 9 | Q10: 0 | R10: 0 | S10: 9 | T10: 9 | U10: 9 | V10: 9 | W10: 9 | X10: 9 | Y10: 9 | Z10: 9 | AA10: 9 | AB10: 9 | AC10: 9 | AD10: 4 | AE10: 0 | AF10: 0 | AG10: 0 | AH10: 0 | AI10: 0 | AM10: NV nghiệp vụ | AU10: =(SUMIFS(F10:AJ10,F10:AJ10,">12")-(COUNTIF(F10:AJ10,">12")*12)) -> 0 | AY10: A
B11: 2 | C11: Lê Minh Khoa | D11: KV 1255 | F11: ĐT chuyển từ bãi xe Sala qua | T11: 9 | U11: 9 | V11: 9 | W11: 9 | X11: 4 | Y11: off | Z11: 9 | AA11: 9 | AB11: 9 | AC11: 9 | AD11: 9 | AE11: 4 | AF11: off | AG11: 9 | AH11: 9 | AI11: 9 | AM11: Đội trưởng | AQ11: =COUNT(F11:AJ11)-COUNTIF(F11:AJ11,0) -> 14 | AR11: =AK11-AT11-AU11 -> 0 | AS11: =IF(AQ11=31,2,IF(AQ11=30,1,0)) -> 0 | AU11: =(SUMIFS(F11:AJ11,F11:AJ11,">12")-(COUNTIF(F11:AJ11,">12")*12)) -> 0 | AY11: A
B12: 3 | C12: Ngô Thị Phương Hà | D12: KV00133 | E12: 10.06.2014 | F12: 4 | G12: 4 | H12: 13 | I12: 13 | J12: 12 | K12: 7 | L12: 12 | M12: 6 | N12: 17 | O12: 12 | P12: 12 | Q12: 17 | R12: 11 | S12: 14 | T12: 17 | U12: 12 | V12: 12 | W12: 15 | X12: 12 | Y12: 12 | Z12: 7 | AA12: 11 | AB12: 8 | AC12: 10 | AD12: 14 | AE12: 7 | AF12: 12 | AG12: 9 | AH12: 12 | AI12: 9 | AK12: =SUM(F12:AJ12) -> 333 | AL12: =VLOOKUP(C12,[2]T09.2026!$C$158:$E$172,3,0) -> KV00133 | AM12: Ca Trưởng | AQ12: =COUNT(F12:AJ12)-COUNTIF(F12:AJ12,0) -> 30 | AR12: =AK12-AT12-AU12 -> 288 | AS12: =IF(AQ12=30,2,IF(AQ12=29,1,0)) -> 2 | AT12: 21 | AU12: =(SUMIFS(F12:AJ12,F12:AJ12,">12")-(COUNTIF(F12:AJ12,">12")*12)) -> 24 | AV12: =F12+G12 -> 8 | AY12: A
B13: 4 | C13: Nguyễn Văn Tùng | D13: KV11296 | E13: 08.08.2024 | F13: 12 | G13: 12 | H13: 12 | I13: 12 | J13: 12 | K13: 12 | L13: 12 | M13: 12 | N13: 12 | O13: 12 | P13: 12 | Q13: 12 | R13: 12 | S13: 12 | T13: 12 | U13: 12 | V13: 12 | W13: 12 | X13: 12 | Y13: 12 | Z13: 12 | AA13: 12 | AB13: 12 | AC13: 12 | AD13: 12 | AE13: 12 | AF13: 12 | AG13: 12 | AH13: 12 | AI13: 12 | AK13: =SUM(F13:AJ13) -> 360 | AL13: =VLOOKUP(C13,[2]T09.2026!$C$158:$E$172,3,0) -> KV11296 | AM13: Nhân Viên | AQ13: =COUNT(F13:AJ13)-COUNTIF(F13:AJ13,0) -> 30 | AR13: =AK13-AT13-AU13 -> 336 | AS13: =IF(AQ13=30,2,IF(AQ13=29,1,0)) -> 2 | AT13: 24 | AU13: =(SUMIFS(F13:AJ13,F13:AJ13,">12")-(COUNTIF(F13:AJ13,">12")*12)) -> 0 | AV13: =F13+G13 -> 24 | AY13: A
B14: 5 | C14: Trần Gia Long | D14: KV11244 | E14: 18.07.2024 | F14: 12 | G14: 12 | H14: 12 | I14: 12 | J14: 12 | K14: 12 | L14: 12 | M14: 15 | N14: 15 | O14: 15 | P14: 15 | Q14: 15 | R14: 15 | S14: 12 | T14: 12 | U14: 12 | V14: 12 | W14: 15 | X14: 15 | Y14: 16 | Z14: 12 | AA14: 15 | AB14: 12 | AC14: 12 | AD14: 12 | AE14: 12 | AF14: 12 | AG14: 12 | AH14: 15 | AI14: 12 | AK14: =SUM(F14:AJ14) -> 394 | AL14: =VLOOKUP(C14,[2]T09.2026!$C$158:$E$172,3,0) -> KV11244 | AM14: Nhân Viên | AQ14: =COUNT(F14:AJ14)-COUNTIF(F14:AJ14,0) -> 30 | AR14: =AK14-AT14-AU14 -> 336 | AS14: =IF(AQ14=30,2,IF(AQ14=29,1,0)) -> 2 | AT14: 24 | AU14: =(SUMIFS(F14:AJ14,F14:AJ14,">12")-(COUNTIF(F14:AJ14,">12")*12)) -> 34 | AV14: =F14+G14 -> 24 | AY14: A
B15: 6 | C15: Nguyễn Hà Kiều Uyên | D15: KV12416 | E15: 21.08.2025 | F15: 12 | G15: 12 | H15: 15 | I15: 15 | J15: 15 | K15: 12 | L15: 15 | M15: 12 | N15: 12 | O15: 12 | P15: 12 | Q15: 12 | R15: 12 | S15: 15 | T15: 15 | U15: 15 | V15: 15 | W15: 12 | X15: 12 | Y15: off | Z15: 15 | AA15: 12 | AB15: 15 | AC15: 15 | AD15: 15 | AE15: 15 | AF15: 12 | AG15: 16 | AH15: off | AI15: 15 | AK15: =SUM(F15:AJ15) -> 382 | AL15: =VLOOKUP(C15,[2]T09.2026!$C$158:$E$172,3,0) -> KV12416 | AM15: Nhân Viên | AO15: 200000 | AQ15: =COUNT(F15:AJ15)-COUNTIF(F15:AJ15,0) -> 28 | AR15: =AK15-AT15-AU15 -> 336 | AS15: =IF(AQ15=30,2,IF(AQ15=29,1,0)) -> 0 | AU15: =(SUMIFS(F15:AJ15,F15:AJ15,">12")-(COUNTIF(F15:AJ15,">12")*12)) -> 46 | AV15: =F15+G15 -> 24
B16: 7 | C16: Ngô Văn Cổ | D16: KV03341 | F16: 12 | G16: 12 | H16: off | I16: 12 | J16: 12 | K16: off | L16: 12 | M16: 12 | N16: 12 | O16: 12 | P16: 12 | Q16: 12 | R16: off | S16: 12 | T16: 12 | U16: 12 | V16: 12 | W16: off | X16: 12 | Y16: off | Z16: 12 | AA16: 12 | AB16: 12 | AC16: 12 | AD16: 12 | AE16: 12 | AF16: off | AG16: 12 | AH16: 12 | AI16: 12 | AK16: =SUM(F16:AJ16) -> 288 | AL16: =VLOOKUP(C16,[2]T09.2026!$C$158:$E$172,3,0) -> KV03341 | AM16: Nhân Viên | AQ16: =COUNT(F16:AJ16)-COUNTIF(F16:AJ16,0) -> 24 | AR16: =AK16-AT16-AU16 -> 288 | AS16: =IF(AQ16=30,2,IF(AQ16=29,1,0)) -> 0 | AU16: =(SUMIFS(F16:AJ16,F16:AJ16,">12")-(COUNTIF(F16:AJ16,">12")*12)) -> 0 | AV16: =F16+G16 -> 24
B17: 8 | C17: Lại Thanh Tuyền | D17: KV13314 | F17: 12 | G17: 12 | H17: 12 | I17: 12 | J17: 12 | K17: 11 | L17: 8 | M17: 12 | N17: 12 | O17: 12 | P17: 12 | Q17: off | R17: 12 | S17: 12 | T17: 12 | U17: 12 | V17: 12 | W17: 12 | X17: 12 | Y17: 12 | Z17: 12 | AA17: 7 | AB17: off | AC17: 12 | AD17: 12 | AE17: 12 | AF17: 12 | AG17: 12 | AH17: 12 | AI17: 12 | AK17: =SUM(F17:AJ17) -> 326 | AL17: =VLOOKUP(C17,[2]T09.2026!$C$158:$E$172,3,0) -> KV13314 | AO17: 200000 | AQ17: =COUNT(F17:AJ17)-COUNTIF(F17:AJ17,0) -> 28 | AR17: =AK17-AT17-AU17 -> 326 | AS17: =IF(AQ17=30,2,IF(AQ17=29,1,0)) -> 0 | AU17: =(SUMIFS(F17:AJ17,F17:AJ17,">12")-(COUNTIF(F17:AJ17,">12")*12)) -> 0 | AV17: =F17+G17 -> 24 | AY17: A
B18: B | C18: Ca Đêm | D18: MSNV | AQ18: =COUNT(F18:AJ18)-COUNTIF(F18:AJ18,0) -> 0 | AR18: =AK18-AT18-AU18 -> 0 | AS18: =IF(AQ18=30,2,IF(AQ18=29,1,0)) -> 0 | AU18: =(SUMIFS(F18:AJ18,F18:AJ18,">12")-(COUNTIF(F18:AJ18,">12")*12)) -> 0 | AV18: =F18+G18 -> 0
B19: 1 | C19: Đặng Hồng Phước | D19: KV09284 | E19: 15.07.2022 | F19: 18 | G19: 17 | H19: 18 | I19: 12 | J19: 12 | K19: 16 | L19: 13 | M19: 18 | N19: 10 | O19: 12 | P19: 18 | Q19: 18 | R19: 18 | S19: 18 | T19: 12 | U19: 18 | V19: 12 | W19: 18 | X19: 18 | Y19: 18 | Z19: 18 | AA19: 17 | AB19: 16 | AC19: 15 | AD19: 18 | AE19: 17 | AF19: 17 | AG19: 17 | AH19: 18 | AI19: 18 | AK19: =SUM(F19:AJ19) -> 485 | AL19: =VLOOKUP(C19,[2]T09.2026!$C$158:$E$172,3,0) -> KV09284 | AM19: Ca Trưởng | AQ19: =COUNT(F19:AJ19)-COUNTIF(F19:AJ19,0) -> 30 | AR19: =AK19-AT19-AU19 -> 334 | AS19: =IF(AQ19=30,2,IF(AQ19=29,1,0)) -> 2 | AT19: 24 | AU19: =(SUMIFS(F19:AJ19,F19:AJ19,">12")-(COUNTIF(F19:AJ19,">12")*12)) -> 127 | AV19: =F19+G19 -> 35 | AX19: 400000
B20: 2 | C20: Vũ Văn Tiến | D20: KV11962 | E20: 18.03.2025 | F20: 12 | G20: 12 | H20: 12 | I20: 12 | J20: 12 | K20: 12 | L20: 13 | M20: 12 | N20: 12 | O20: 12 | P20: 12 | Q20: 12 | R20: 12 | S20: 12 | T20: 12 | U20: 12 | V20: 12 | W20: 12 | X20: off | Y20: off | Z20: 12 | AA20: 12 | AB20: 12 | AC20: 12 | AD20: 12 | AE20: 12 | AF20: 12 | AG20: 12 | AH20: 12 | AI20: 12 | AK20: =SUM(F20:AJ20) -> 337 | AL20: =VLOOKUP(C20,[2]T09.2026!$C$158:$E$172,3,0) -> KV11962 | AM20: Nhân Viên | AQ20: =COUNT(F20:AJ20)-COUNTIF(F20:AJ20,0) -> 28 | AR20: =AK20-AT20-AU20 -> 336 | AS20: =IF(AQ20=30,2,IF(AQ20=29,1,0)) -> 0 | AU20: =(SUMIFS(F20:AJ20,F20:AJ20,">12")-(COUNTIF(F20:AJ20,">12")*12)) -> 1 | AV20: =F20+G20 -> 24 | AX20: 400000
B21: 3 | C21: Đỗ Hoàng Việt | D21: KV04717 | E21: 01.12.2020 | F21: 12 | G21: 12 | H21: 12 | I21: 12 | J21: 15 | K21: 12 | L21: 13 | M21: 12 | N21: 12 | O21: 12 | P21: 12 | Q21: 12 | R21: 12 | S21: off | T21: off | U21: 12 | V21: 12 | W21: 12 | X21: 12 | Y21: 12 | Z21: 12 | AA21: 12 | AB21: 15 | AC21: 12 | AD21: 15 | AE21: 12 | AF21: 12 | AG21: 12 | AH21: 12 | AI21: 15 | AK21: =SUM(F21:AJ21) -> 349 | AL21: =VLOOKUP(C21,[2]T09.2026!$C$158:$E$172,3,0) -> KV04717 | AM21: Nhân Viên | AO21: 200000 | AQ21: =COUNT(F21:AJ21)-COUNTIF(F21:AJ21,0) -> 28 | AR21: =AK21-AT21-AU21 -> 336 | AS21: =IF(AQ21=30,2,IF(AQ21=29,1,0)) -> 0 | AU21: =(SUMIFS(F21:AJ21,F21:AJ21,">12")-(COUNTIF(F21:AJ21,">12")*12)) -> 13 | AV21: =F21+G21 -> 24 | AX21: 400000
B22: 4 | C22: Nguyễn Trí Hải | D22: KV10453 | E22: 17.07.2025 | F22: 11 | G22: 14 | H22: 12 | I22: 16 | J22: 14 | K22: 10 | L22: 18 | M22: 17 | N22: 14 | O22: 17 | P22: 5 | Q22: off | R22: off | S22: 12 | T22: 18 | U22: 17 | V22: 19 | W22: 14 | X22: 18 | Y22: 17 | Z22: 18 | AA22: 12 | AB22: 16 | AC22: 8 | AD22: 16 | AE22: 17 | AF22: 12 | AG22: 12 | AH22: 18 | AI22: 12 | AK22: =SUM(F22:AJ22) -> 404 | AL22: =VLOOKUP(C22,[2]T09.2026!$C$158:$E$172,3,0) -> KV10453 | AM22: Nhân Viên | AQ22: =COUNT(F22:AJ22)-COUNTIF(F22:AJ22,0) -> 28 | AR22: =AK22-AT22-AU22 -> 322 | AS22: =IF(AQ22=30,2,IF(AQ22=29,1,0)) -> 0 | AU22: =(SUMIFS(F22:AJ22,F22:AJ22,">12")-(COUNTIF(F22:AJ22,">12")*12)) -> 82 | AV22: =F22+G22 -> 25 | AX22: 400000
B23: 5 | C23: Nguyễn Đức Huỳnh Phương | D23: KV13030 | F23: 12 | G23: 12 | H23: 18 | I23: 12 | J23: 12 | K23: 12 | L23: 13 | M23: 12 | N23: 12 | O23: 12 | P23: 12 | Q23: 12 | R23: 12 | S23: 12 | T23: 12 | U23: 12 | V23: 17 | W23: 18 | X23: 12 | Y23: 18 | Z23: 12 | AA23: 17 | AB23: 12 | AC23: 12 | AD23: 12 | AE23: 12 | AF23: 12 | AG23: 12 | AH23: 12 | AI23: 12 | AK23: =SUM(F23:AJ23) -> 389 | AL23: =VLOOKUP(C23,[2]T09.2026!$C$158:$E$172,3,0) -> KV13030 | AM23: Nhân Viên | AO23: 200000 | AQ23: =COUNT(F23:AJ23)-COUNTIF(F23:AJ23,0) -> 30 | AR23: =AK23-AT23-AU23 -> 336 | AS23: =IF(AQ23=30,2,IF(AQ23=29,1,0)) -> 2 | AT23: 24 | AU23: =(SUMIFS(F23:AJ23,F23:AJ23,">12")-(COUNTIF(F23:AJ23,">12")*12)) -> 29 | AV23: =F23+G23 -> 24 | AX23: 400000
B24: C | C24: ĐẾN HỖ TRỢ | AQ24: =COUNT(F24:AJ24)-COUNTIF(F24:AJ24,0) -> 0 | AR24: =AK24-AT24-AU24 -> 0 | AS24: =IF(AQ24=30,2,IF(AQ24=29,1,0)) -> 0 | AU24: =(SUMIFS(F24:AJ24,F24:AJ24,">12")-(COUNTIF(F24:AJ24,">12")*12)) -> 0 | AV24: =F24+G24 -> 0
AQ25: =COUNT(F25:AJ25)-COUNTIF(F25:AJ25,0) -> 0 | AR25: =AK25-AT25-AU25 -> 0 | AS25: =IF(AQ25=30,2,IF(AQ25=29,1,0)) -> 0 | AU25: =(SUMIFS(F25:AJ25,F25:AJ25,">12")-(COUNTIF(F25:AJ25,">12")*12)) -> 0 | AV25: =F25+G25 -> 0
AK26: =SUM(AK10:AK25) -> 4047

Sheet TĐP
A1: BẢNG CHẤM CÔNG NHÂN VIÊN THÁNG 10/2019 | AL1: - Những cột có dấu (*) là bắt buộc người chấm công phải nhập dữ liệu (nếu có)
A2: ( Từ Ngày 01/10/2019 ĐẾN 31/10/2019)
B3: Bãi xe:…TĐP….. | AL3: Phần nhập của Quản lý Bãi xe | AP3: Phần nhập của Phòng HCNS
AL4: (*) | AM4: (*) | AN4: (*) | AO4: (*)
B5: 1 | C5: 1 | D5: 2 | E5: 3 | F5: 4 | G5: 5 | H5: 6 | I5: 7 | J5: 8 | K5: 9 | L5: 10 | M5: 11 | N5: 12 | O5: 13 | P5: 14 | Q5: 15 | R5: 16 | S5: 17 | T5: 18 | U5: 19 | V5: 20 | W5: 21 | X5: 22 | Y5: 23 | Z5: 24 | AA5: 25 | AB5: 26 | AC5: 27 | AD5: 28 | AE5: 29 | AF5: 30 | AG5: 31 | AH5: 32 | AI5: 33 | AJ5: 34 | AK5: 35 | AL5: 36 | AM5: 37 | AN5: 38 | AO5: 39 | AP5: 40 | AQ5: 41 | AR5: 42 | AS5: 43 | AT5: 44 | AU5: 45 | AV5: 46 | AW5: 47 | AX5: 48
A6: 2
A7: STT | B7: HỌ VÀ TÊN | C7: Thứ | E7: =TEXT(E8,"ddd") -> T3 | F7: =TEXT(F8,"ddd") -> T4 | G7: =TEXT(G8,"ddd") -> T5 | H7: =TEXT(H8,"ddd") -> T6 | I7: =TEXT(I8,"ddd") -> T7 | J7: =TEXT(J8,"ddd") -> CN | K7: =TEXT(K8,"ddd") -> T2 | L7: =TEXT(L8,"ddd") -> T3 | ... AI7: =TEXT(AI8,"ddd") | AK7: NV Ký Xác nhận | AL7: Thông tin Tham chiếu | AP7: Giờ công (h) | AW7: Đánh giá
C8: Ngày | E8: =DATE(SGP!D7,SGP!D6,1) -> 46266 | F8: =IFERROR(IF(E8+1<=EOMONTH(E8,0),E8+1,""),"") -> 46267 | G8: =IFERROR(IF(F8+1<=EOMONTH(F8,0),F8+1,""),"") -> 46268 | H8: =IFERROR(IF(G8+1<=EOMONTH(G8,0),G8+1,""),"") -> 46269 | I8: =IFERROR(IF(H8+1<=EOMONTH(H8,0),H8+1,""),"") -> 46270 | J8: =IFERROR(IF(I8+1<=EOMONTH(I8,0),I8+1,""),"") -> 46271 | K8: =IFERROR(IF(J8+1<=EOMONTH(J8,0),J8+1,""),"") -> 46272 | L8: =IFERROR(IF(K8+1<=EOMONTH(K8,0),K8+1,""),"") -> 46273 | M8: =IFERROR(IF(L8+1<=EOMONTH(L8,0),L8+1,""),"") -> 46274 | ... AI8: =IFERROR(IF(AH8+1<=EOMONTH(AH8,0),AH8+1,""),"") | AJ8: Tổng giờ Công | AL8: Đối tượng / Chức vụ | AM8: Ghi chú (ghi chú phụ cấp) | AN8: Bãi xe (chỉ ghi khi có NV đến hỗ trợ) | AO8: Ca làm việc | AP8: Tổng số ngày Làm việc trong tháng | AQ8: Giờ công thường 1.0 | AR8: Số ngày tăng ca ngày nghỉ | AS8: Tăng ca ngày 1.3 | AT8: Tăng ca giờ 1.5 | AU8: Tăng ca Lễ 2.0 | AV8: Tăng ca tết 3.0 | AW8: Bãi xe Đánh giá | AX8: P. Nhân sự đánh giá
A9: A | B9: Ca Ngày | C9: MSNV | D9: Ngày vào làm | AM9: 5 CỔNG
A10: 1 | B10: Võ Quốc Phong | C10: KV03375 | D10: 43162 | E10: 12 | F10: 12 | G10: 12 | H10: 12 | I10: 12 | J10: 12 | K10: 12 | L10: 12 | M10: 12 | N10: 12 | O10: 12 | P10: 12 | Q10: 12 | R10: 12 | S10: 12 | T10: 12 | U10: 3 | V10: 12 | W10: 12 | X10: 12 | Y10: 12 | Z10: 12 | AA10: 12 | AB10: 12 | AC10: 12 | AD10: 12 | AE10: 12 | AF10: 12 | AG10: 12 | AH10: 12 | AJ10: =SUM(E10:AI10) -> 351 | AK10: =VLOOKUP(B10,[2]T09.2026!$C$176:$E$197,3,0) -> KV03375 | AL10: PC | AP10: =COUNT(E10:AI10)-COUNTIF(E10:AI10,0) -> 30 | AQ10: =AJ10-AS10-AT10 -> 327 | AR10: =IF(AP10=30,2,IF(AP10=29,1,0)) -> 2 | AS10: 24 | AT10: =(SUMIFS(E10:AI10,E10:AI10,">12")-(COUNTIF(E10:AI10,">12")*12)) -> 0 | AU10: =E10+F10 -> 24 | AX10: A
A11: 2 | B11: Phạm Minh Trí | C11: KV06231 | D11: 43764 | E11: 12 | F11: 12 | G11: 12 | H11: 12 | I11: 12 | J11: 12 | K11: 12 | L11: 12 | M11: 12 | N11: 12 | O11: 12 | P11: 12 | Q11: 12 | R11: 12 | S11: 12 | T11: 12 | U11: 12 | V11: 12 | W11: 12 | X11: 12 | Y11: 12 | Z11: 12 | AA11: 12 | AB11: 12 | AC11: 12 | AD11: 12 | AE11: 12 | AF11: 12 | AG11: 12 | AH11: OFF | AJ11: =SUM(E11:AI11) -> 348 | AK11: =VLOOKUP(B11,[2]T09.2026!$C$176:$E$197,3,0) -> KV06231 | AL11: MO | AP11: =COUNT(E11:AI11)-COUNTIF(E11:AI11,0) -> 29 | AQ11: =AJ11-AS11-AT11 -> 336 | AR11: =IF(AP11=30,2,IF(AP11=29,1,0)) -> 1 | AS11: 12 | AT11: =(SUMIFS(E11:AI11,E11:AI11,">12")-(COUNTIF(E11:AI11,">12")*12)) -> 0 | AU11: =E11+F11 -> 24 | AX11: A
A12: 3 | B12: Mạc thị Thanh Hòa | C12: KV08473 | D12: 44512 | E12: 12 | F12: 12 | G12: 12 | H12: 12 | I12: 12 | J12: 12 | K12: OFF | L12: OFF | M12: OFF | N12: OFF | O12: 12 | P12: 12 | Q12: 12 | R12: 12 | S12: 12 | T12: 12 | U12: 12 | V12: 12 | W12: 12 | X12: 12 | Y12: 12 | Z12: 12 | AA12: 12 | AB12: 12 | AC12: 15 | AD12: 12 | AE12: 12 | AF12: 12 | AG12: 12 | AH12: 12 | AJ12: =SUM(E12:AI12) -> 315 | AK12: =VLOOKUP(B12,[2]T09.2026!$C$176:$E$197,3,0) -> KV08473 | AL12: Nhân viên | AM12: Nhân viên Cổng hầm | AN12: 200000 | AP12: =COUNT(E12:AI12)-COUNTIF(E12:AI12,0) -> 26 | AQ12: =AJ12-AS12-AT12 -> 312 | AR12: =IF(AP12=30,2,IF(AP12=29,1,0)) -> 0 | AT12: =(SUMIFS(E12:AI12,E12:AI12,">12")-(COUNTIF(E12:AI12,">12")*12)) -> 3 | AU12: =E12+F12 -> 24 | AX12: A
A13: 4 | B13: Nguyễn Văn Tam | C13: KV11252 | D13: 45495 | E13: 12 | F13: 12 | G13: 12 | H13: 12 | I13: 12 | J13: 12 | K13: 12 | L13: 12 | M13: 12 | N13: 12 | O13: 12 | P13: 12 | Q13: 12 | R13: 12 | S13: 12 | T13: 12 | U13: 12 | V13: 12 | W13: 12 | X13: 12 | Y13: 12 | Z13: 12 | AA13: 12 | AB13: 12 | AC13: 12 | AD13: 12 | AE13: 12 | AF13: 12 | AG13: 12 | AH13: 12 | AJ13: =SUM(E13:AI13) -> 360 | AK13: =VLOOKUP(B13,[2]T09.2026!$C$176:$E$197,3,0) -> KV11252 | AL13: Nhân viên | AM13: Nhân viên Cổng hầm | AN13: 200000 | AP13: =COUNT(E13:AI13)-COUNTIF(E13:AI13,0) -> 30 | AQ13: =AJ13-AS13-AT13 -> 336 | AR13: =IF(AP13=30,2,IF(AP13=29,1,0)) -> 2 | AS13: 24 | AT13: =(SUMIFS(E13:AI13,E13:AI13,">12")-(COUNTIF(E13:AI13,">12")*12)) -> 0 | AU13: =E13+F13 -> 24 | AX13: A
A14: 5 | B14: Nguyễn Thị Thùy Mến | C14: KV08046 | D14: 44317 | E14: 12 | F14: 12 | G14: 12 | H14: 12 | I14: 12 | J14: 12 | K14: 12 | L14: 12 | M14: 12 | N14: 12 | O14: 12 | P14: 12 | Q14: 12 | R14: 12 | S14: 12 | T14: 12 | U14: 12 | V14: 12 | W14: 12 | X14: 12 | Y14: 12 | Z14: 12 | AA14: OFF | AB14: OFF | AC14: OFF | AD14: OFF | AE14: OFF | AF14: 12 | AG14: 12 | AH14: 12 | AJ14: =SUM(E14:AI14) -> 300 | AK14: =VLOOKUP(B14,[2]T09.2026!$C$176:$E$197,3,0) -> KV08046 | AL14: Nhân Viên | AM14: Nhân viên Cổng hầm | AN14: 200000 | AP14: =COUNT(E14:AI14)-COUNTIF(E14:AI14,0) -> 25 | AQ14: =AJ14-AS14-AT14 -> 300 | AR14: =IF(AP14=30,2,IF(AP14=29,1,0)) -> 0 | AT14: =(SUMIFS(E14:AI14,E14:AI14,">12")-(COUNTIF(E14:AI14,">12")*12)) -> 0 | AU14: =E14+F14 -> 24
A15: 6 | B15: PHẠM THỊ NGOAN | C15: KV11504 | D15: 45575 | E15: 12 | F15: 12 | G15: 12 | H15: 12 | I15: 12 | J15: 12 | K15: 12 | L15: 12 | M15: 12 | N15: 12 | O15: 12 | P15: 12 | Q15: 12 | R15: 12 | S15: 12 | T15: 12 | U15: 12 | V15: OFF | W15: 12 | X15: 12 | Y15: 12 | Z15: 12 | AA15: 12 | AB15: 12 | AC15: 12 | AD15: 12 | AE15: 12 | AF15: 12 | AG15: 8 | AH15: 12 | AJ15: =SUM(E15:AI15) -> 344 | AK15: =VLOOKUP(B15,[2]T09.2026!$C$176:$E$197,3,0) -> KV11504 | AL15: Nhân Viên | AM15: Nhân viên Cổng hầm | AN15: 200000 | AP15: =COUNT(E15:AI15)-COUNTIF(E15:AI15,0) -> 29 | AQ15: =AJ15-AS15-AT15 -> 332 | AR15: =IF(AP15=30,2,IF(AP15=29,1,0)) -> 1 | AS15: 12 | AT15: =(SUMIFS(E15:AI15,E15:AI15,">12")-(COUNTIF(E15:AI15,">12")*12)) -> 0 | AU15: =E15+F15 -> 24 | AX15: A
A16: 7 | B16: TRẦN THÁI HÒA | C16: KV13279 | D16: 46209 | E16: OFF | F16: OFF | G16: 12 | H16: 12 | I16: 12 | J16: 12 | K16: 12 | L16: 12 | M16: 12 | N16: 12 | O16: 12 | P16: 12 | Q16: 12 | R16: OFF | S16: 12 | T16: 12 | U16: 12 | V16: 12 | AJ16: =SUM(E16:AI16) -> 180 | AK16: =VLOOKUP(B16,[2]T09.2026!$C$176:$E$197,3,0) -> KV13279 | AL16: Nhân Viên | AM16: Nhân viên BC-BM | AP16: =COUNT(E16:AI16)-COUNTIF(E16:AI16,0) -> 15 | AQ16: =AJ16-AS16-AT16 -> 180 | AR16: =IF(AP16=30,2,IF(AP16=29,1,0)) -> 0 | AT16: =(SUMIFS(E16:AI16,E16:AI16,">12")-(COUNTIF(E16:AI16,">12")*12)) -> 0 | AX16: A
A17: 8 | B17: LÊ THANH HÙNG | C17: KV10410 | D17: 46209 | E17: 12 | F17: 12 | G17: 12 | H17: 12 | I17: 12 | J17: 12 | K17: 12 | L17: 12 | M17: 12 | N17: 12 | O17: 12 | P17: 12 | Q17: 12 | R17: 12 | S17: DIL | T17: 12 | U17: 12 | V17: 12 | W17: 12 | X17: 12 | Y17: 12 | Z17: 12 | AA17: 12 | AB17: 12 | AC17: 12 | AD17: 12 | AE17: 12 | AF17: 12 | AG17: 12 | AH17: 12 | AJ17: =SUM(E17:AI17) -> 348 | AK17: =VLOOKUP(B17,[2]T09.2026!$C$176:$E$197,3,0) -> KV10410 | AL17: Nhân Viên | AM17: Nhân viên BC-BM | AP17: =COUNT(E17:AI17)-COUNTIF(E17:AI17,0) -> 29 | AQ17: =AJ17-AS17-AT17 -> 324 | AR17: =IF(AP17=30,2,IF(AP17=29,1,0)) -> 1 | AS17: 24 | AT17: =(SUMIFS(E17:AI17,E17:AI17,">12")-(COUNTIF(E17:AI17,">12")*12)) -> 0 | AU17: =E17+F17 -> 24 | AX17: A
A18: 9 | B18: HUỲNH ĐĂNG TÂM | C18: KV13492 | D18: 46277 | G18: NHÂN SỰ MỚI | P18: 12 | Q18: 12 | R18: 12 | S18: 12 | T18: 12 | U18: 12 | V18: 12 | W18: 12 | X18: 12 | Y18: 12 | Z18: 12 | AA18: 12 | AB18: 12 | AC18: 12 | AD18: 15 | AE18: 12 | AF18: 12 | AG18: 12 | AH18: 12 | AJ18: =SUM(E18:AI18) -> 231 | AK18: =VLOOKUP(B18,[2]T09.2026!$C$176:$E$197,3,0) -> KV13492 | AL18: Nhân Viên | AM18: Nhân viên Cổng hầm | AN18: 200000 | AP18: =COUNT(E18:AI18)-COUNTIF(E18:AI18,0) -> 19 | AQ18: =AJ18-AS18-AT18 -> 228 | AR18: =IF(AP18=30,2,IF(AP18=29,1,0)) -> 0 | AT18: =(SUMIFS(E18:AI18,E18:AI18,">12")-(COUNTIF(E18:AI18,">12")*12)) -> 3 | AU18: =E18+F18 -> 0 | AX18: A
A19: B | B19: Ca Đêm | AP19: =COUNT(E19:AI19)-COUNTIF(E19:AI19,0) -> 0 | AQ19: =AJ19-AS19-AT19 -> 0 | AR19: =IF(AP19=30,2,IF(AP19=29,1,0)) -> 0 | AT19: =(SUMIFS(E19:AI19,E19:AI19,">12")-(COUNTIF(E19:AI19,">12")*12)) -> 0 | AU19: =E19+F19 -> 0
A20: 1 | B20: Võ Thị Kim Yến | C20: KV10923 | D20: 45359 | E20: 16 | F20: 16 | G20: 12 | H20: 12 | I20: 16 | J20: OFF | K20: 12 | L20: 16 | M20: 16 | N20: 12 | O20: 12 | P20: 12 | Q20: 12 | R20: 12 | S20: 12 | T20: 12 | U20: 16 | V20: 12 | W20: 16 | X20: 16 | Y20: 16 | Z20: 16 | AA20: 12 | AB20: 12 | AC20: 16 | AD20: 16 | AE20: 12 | AF20: 16 | AG20: 12 | AH20: 16 | AJ20: =SUM(E20:AI20) -> 404 | AK20: =VLOOKUP(B20,[2]T09.2026!$C$176:$E$197,3,0) -> KV10923 | AL20: MO | AP20: =COUNT(E20:AI20)-COUNTIF(E20:AI20,0) -> 29 | AQ20: =AJ20-AS20-AT20 -> 336 | AR20: =IF(AP20=30,2,IF(AP20=29,1,0)) -> 1 | AS20: 12 | AT20: =(SUMIFS(E20:AI20,E20:AI20,">12")-(COUNTIF(E20:AI20,">12")*12)) -> 56 | AU20: =E20+F20 -> 32 | AW20: 400000 | AX20: A
A21: 2 | B21: Nguyễn Văn Hợi | C21: KV06250 | D21: 43774 | E21: 12 | F21: 12 | G21: 12 | H21: 12 | I21: 12 | J21: 12 | K21: 12 | L21: 12 | M21: 12 | N21: 12 | O21: 12 | P21: 12 | Q21: 12 | R21: 12 | S21: 12 | T21: 12 | U21: 12 | V21: 12 | W21: 12 | X21: 12 | Y21: 12 | Z21: 12 | AA21: 12 | AB21: 12 | AC21: 12 | AD21: 12 | AE21: 12 | AF21: 12 | AG21: 12 | AH21: 12 | AJ21: =SUM(E21:AI21) -> 360 | AK21: =VLOOKUP(B21,[2]T09.2026!$C$176:$E$197,3,0) -> KV06250 | AL21: Nhân viên | AM21: Nhân viên BC-BM hầm | AP21: =COUNT(E21:AI21)-COUNTIF(E21:AI21,0) -> 30 | AQ21: =AJ21-AS21-AT21 -> 336 | AR21: =IF(AP21=30,2,IF(AP21=29,1,0)) -> 2 | AS21: 24 | AT21: =(SUMIFS(E21:AI21,E21:AI21,">12")-(COUNTIF(E21:AI21,">12")*12)) -> 0 | AU21: =E21+F21 -> 24 | AW21: 400000
A22: 3 | B22: Phạm Lê Thanh | C22: KV10327 | D22: 45129 | E22: 12 | F22: 12 | G22: 12 | H22: 12 | I22: 12 | J22: 12 | K22: 16 | L22: 13 | M22: 13 | N22: 16 | O22: 12 | P22: OFF | Q22: OFF | R22: 12 | S22: 12 | T22: 12 | U22: 12 | V22: 12 | W22: 12 | X22: 12 | Y22: 12 | Z22: 12 | AA22: 12 | AB22: 16 | AC22: 12 | AD22: 12 | AE22: 16 | AF22: 12 | AG22: 12 | AH22: 16 | AJ22: =SUM(E22:AI22) -> 358 | AK22: =VLOOKUP(B22,[2]T09.2026!$C$176:$E$197,3,0) -> KV10327 | AL22: Nhân viên | AM22: Nhân viên cổng hầm | AN22: 200000 | AP22: =COUNT(E22:AI22)-COUNTIF(E22:AI22,0) -> 28 | AQ22: =AJ22-AS22-AT22 -> 336 | AR22: =IF(AP22=30,2,IF(AP22=29,1,0)) -> 0 | AT22: =(SUMIFS(E22:AI22,E22:AI22,">12")-(COUNTIF(E22:AI22,">12")*12)) -> 22 | AU22: =E22+F22 -> 24 | AW22: 400000
A23: 4 | B23: Trần Văn Thơm | C23: KV10522 | D23: 45213 | E23: 12 | F23: 12 | G23: 12 | H23: 12 | I23: 12 | J23: 12 | K23: 12 | L23: 12 | M23: 12 | N23: OFF | O23: OFF | P23: 12 | Q23: 12 | R23: 12 | S23: 12 | T23: 12 | U23: 12 | V23: 12 | W23: 12 | X23: 12 | Y23: 12 | Z23: 12 | AA23: 12 | AB23: 12 | AC23: 15 | AD23: 13 | AE23: 15 | AF23: 14 | AG23: 12 | AH23: 15 | AJ23: =SUM(E23:AI23) -> 348 | AK23: =VLOOKUP(B23,[2]T09.2026!$C$176:$E$197,3,0) -> KV10522 | AL23: Nhân viên | AM23: Nhân viên cổng hầm | AN23: 200000 | AP23: =COUNT(E23:AI23)-COUNTIF(E23:AI23,0) -> 28 | AQ23: =AJ23-AS23-AT23 -> 336 | AR23: =IF(AP23=30,2,IF(AP23=29,1,0)) -> 0 | AT23: =(SUMIFS(E23:AI23,E23:AI23,">12")-(COUNTIF(E23:AI23,">12")*12)) -> 12 | AU23: =E23+F23 -> 24 | AW23: 400000
A24: 5 | B24: Nguyễn Quốc Toản | C24: KV11027 | D24: 45393 | E24: OFF | F24: 12 | G24: 12 | H24: 12 | I24: 12 | J24: 12 | K24: OFF | L24: 12 | M24: 12 | N24: 12 | O24: 12 | P24: 12 | Q24: 12 | R24: 12 | S24: 12 | T24: 12 | U24: 12 | V24: 12 | W24: 12 | X24: 12 | Y24: 12 | Z24: OFF | AA24: 12 | AB24: 12 | AC24: 12 | AD24: 12 | AE24: 15 | AF24: 12 | AG24: 12 | AH24: 12 | AJ24: =SUM(E24:AI24) -> 327 | AK24: =VLOOKUP(B24,[2]T09.2026!$C$176:$E$197,3,0) -> KV11027 | AL24: Nhân viên | AM24: Nhân viên cổng hầm | AN24: 200000 | AP24: =COUNT(E24:AI24)-COUNTIF(E24:AI24,0) -> 27 | AQ24: =AJ24-AS24-AT24 -> 324 | AR24: =IF(AP24=30,2,IF(AP24=29,1,0)) -> 0 | AT24: =(SUMIFS(E24:AI24,E24:AI24,">12")-(COUNTIF(E24:AI24,">12")*12)) -> 3 | AU24: 12 | AW24: 400000
A25: 6 | B25: DƯƠNG VĂN NHỊN | C25: KV12207 | D25: 45807 | E25: 12 | F25: OFF | G25: 12 | H25: 12 | I25: 12 | J25: 12 | K25: 12 | L25: 12 | M25: 12 | N25: 12 | O25: 12 | P25: 12 | Q25: 12 | R25: 12 | S25: 12 | T25: 12 | U25: 12 | V25: 12 | W25: 12 | X25: OFF | Y25: 12 | Z25: 12 | AA25: 12 | AB25: 12 | AC25: 12 | AD25: 12 | AE25: 12 | AF25: 12 | AG25: 12 | AH25: 12 | AJ25: =SUM(E25:AI25) -> 336 | AK25: =VLOOKUP(B25,[2]T09.2026!$C$176:$E$197,3,0) -> KV12207 | AL25: Nhân viên | AM25: Nhân viên BC-BM hầm | AP25: =COUNT(E25:AI25)-COUNTIF(E25:AI25,0) -> 28 | AQ25: =AJ25-AS25-AT25 -> 336 | AR25: =IF(AP25=30,2,IF(AP25=29,1,0)) -> 0 | AT25: =(SUMIFS(E25:AI25,E25:AI25,">12")-(COUNTIF(E25:AI25,">12")*12)) -> 0 | AU25: 12 | AW25: 400000
A26: 7 | B26: LẠI THỊ HÒA | C26: KV13056 | D26: 46139 | E26: 12 | F26: 12 | G26: 12 | H26: 12 | I26: 12 | J26: 12 | K26: 12 | L26: 12 | M26: 12 | N26: 14 | O26: 12 | P26: 12 | Q26: 12 | R26: 12 | S26: 12 | T26: 12 | U26: 12 | V26: 12 | W26: 12 | X26: 12 | Y26: 12 | Z26: 12 | AA26: 15 | AB26: 12 | AC26: OFF | AD26: OFF | AE26: 12 | AF26: 12 | AG26: 16 | AH26: 12 | AJ26: =SUM(E26:AI26) -> 345 | AK26: =VLOOKUP(B26,[2]T09.2026!$C$176:$E$197,3,0) -> KV13056 | AL26: Nhân viên | AM26: Nhân viên cổng hầm | AN26: 200000 | AP26: =COUNT(E26:AI26)-COUNTIF(E26:AI26,0) -> 28 | AQ26: =AJ26-AS26-AT26 -> 336 | AR26: =IF(AP26=30,2,IF(AP26=29,1,0)) -> 0 | AT26: =(SUMIFS(E26:AI26,E26:AI26,">12")-(COUNTIF(E26:AI26,">12")*12)) -> 9 | AU26: =E26+F26 -> 24 | AW26: 400000 | AX26: A
A27: 8 | B27: TRẦN TRỌNG NHÂN | C27: KV13055 | D27: 46139 | E27: 12 | F27: 12 | G27: 12 | H27: 12 | I27: 12 | J27: 12 | K27: 12 | L27: 12 | M27: 12 | N27: 15 | O27: 15 | P27: 12 | Q27: 12 | R27: 12 | S27: 12 | T27: 12 | U27: 12 | V27: 12 | W27: 12 | X27: 12 | Y27: 15 | Z27: 15 | AA27: 15 | AB27: 12 | AC27: OFF | AD27: OFF | AE27: 12 | AF27: 12 | AG27: 16 | AH27: 12 | AJ27: =SUM(E27:AI27) -> 355 | AK27: =VLOOKUP(B27,[2]T09.2026!$C$176:$E$197,3,0) -> KV13055 | AL27: Nhân viên | AM27: Nhân viên cổng hầm | AN27: 200000 | AP27: =COUNT(E27:AI27)-COUNTIF(E27:AI27,0) -> 28 | AQ27: =AJ27-AS27-AT27 -> 336 | AR27: =IF(AP27=30,2,IF(AP27=29,1,0)) -> 0 | AT27: =(SUMIFS(E27:AI27,E27:AI27,">12")-(COUNTIF(E27:AI27,">12")*12)) -> 19 | AU27: =E27+F27 -> 24 | AW27: 400000
A28: 9 | B28: TRẦN NGUYỄN THÁI BÌNH | C28: KV13348 | D28: 46232 | E28: 12 | F28: 12 | G28: 12 | H28: 12 | I28: 12 | J28: 12 | K28: 12 | L28: 12 | M28: 12 | N28: 12 | O28: 12 | P28: 12 | Q28: 12 | R28: 12 | S28: 12 | T28: 12 | U28: 12 | V28: 12 | W28: 12 | X28: 15 | Y28: 12 | Z28: 12 | AA28: 15 | AB28: 15 | AC28: 12 | AD28: 15 | AE28: OFF | AF28: 12 | AG28: 14 | AH28: 12 | AJ28: =SUM(E28:AI28) -> 362 | AK28: =VLOOKUP(B28,[2]T09.2026!$C$176:$E$197,3,0) -> KV13348 | AL28: Nhân viên | AM28: Nhân viên BC-BM hầm | AP28: =COUNT(E28:AI28)-COUNTIF(E28:AI28,0) -> 29 | AQ28: =AJ28-AS28-AT28 -> 336 | AR28: =IF(AP28=30,2,IF(AP28=29,1,0)) -> 1 | AS28: 12 | AT28: =(SUMIFS(E28:AI28,E28:AI28,">12")-(COUNTIF(E28:AI28,">12")*12)) -> 14 | AU28: =E28+F28 -> 24 | AW28: 400000
A29: C | B29: Đến hỗ trợ Ca Ngày | AP29: =COUNT(E29:AI29)-COUNTIF(E29:AI29,0) -> 0 | AQ29: =AJ29-AS29-AT29 -> 0 | AR29: =IF(AP29=30,2,IF(AP29=29,1,0)) -> 0 | AT29: =(SUMIFS(E29:AI29,E29:AI29,">12")-(COUNTIF(E29:AI29,">12")*12)) -> 0 | AU29: =E29+F29 -> 0
A30: 1 | AP30: =COUNT(E30:AI30)-COUNTIF(E30:AI30,0) -> 0 | AQ30: =AJ30-AS30-AT30 -> 0 | AR30: =IF(AP30=30,2,IF(AP30=29,1,0)) -> 0 | AT30: =(SUMIFS(E30:AI30,E30:AI30,">12")-(COUNTIF(E30:AI30,">12")*12)) -> 0 | AU30: =E30+F30 -> 0
A31: D | B31: Đến hỗ trợ Ca Đêm | AP31: =COUNT(E31:AI31)-COUNTIF(E31:AI31,0) -> 0 | AQ31: =AJ31-AS31-AT31 -> 0 | AR31: =IF(AP31=30,2,IF(AP31=29,1,0)) -> 0 | AT31: =(SUMIFS(E31:AI31,E31:AI31,">12")-(COUNTIF(E31:AI31,">12")*12)) -> 0 | AU31: =E31+F31 -> 0
A32: 1 | AL32: SUNWAL | AM32: Nhân viên cổng hầm | AP32: =COUNT(E32:AI32)-COUNTIF(E32:AI32,0) -> 0 | AQ32: =AJ32-AS32-AT32 -> 0 | AR32: =IF(AP32=30,2,IF(AP32=29,1,0)) -> 0 | AT32: =(SUMIFS(E32:AI32,E32:AI32,">12")-(COUNTIF(E32:AI32,">12")*12)) -> 0 | AU32: =E32+F32 -> 0
A33: G | B33: CƠ ĐỘNG CỐ ĐỊNH | AP33: =COUNT(E33:AI33)-COUNTIF(E33:AI33,0) -> 0 | AQ33: =AJ33-AS33-AT33 -> 0 | AR33: =IF(AP33=30,2,IF(AP33=29,1,0)) -> 0 | AT33: =(SUMIFS(E33:AI33,E33:AI33,">12")-(COUNTIF(E33:AI33,">12")*12)) -> 0 | AU33: =E33+F33 -> 0
A34: 7 | B34: Lâm Quốc Minh | C34: KV12741 | D34: 46032 | E34: 12 | F34: 12 | G34: 12 | H34: 12 | I34: 12 | J34: 12 | K34: 12 | L34: 12 | M34: 12 | N34: 12 | O34: 12 | P34: 12 | Q34: 12 | R34: 12 | S34: 12 | T34: 12 | U34: 12 | V34: 12 | W34: BỎ VIẸC | AL34: Nhân Viên | AM34: Nhân viên BC-BM | AP34: =COUNT(E34:AI34)-COUNTIF(E34:AI34,0) -> 18 | AQ34: =AJ34-AS34-AT34 -> 0 | AR34: =IF(AP34=30,2,IF(AP34=29,1,0)) -> 0 | AT34: =(SUMIFS(E34:AI34,E34:AI34,">12")-(COUNTIF(E34:AI34,">12")*12)) -> 0 | AU34: =E34+F34 -> 24
AP35: =COUNT(E35:AI35)-COUNTIF(E35:AI35,0) -> 0 | AQ35: =AJ35-AS35-AT35 -> 0 | AR35: =IF(AP35=30,2,IF(AP35=29,1,0)) -> 0 | AT35: =(SUMIFS(E35:AI35,E35:AI35,">12")-(COUNTIF(E35:AI35,">12")*12)) -> 0 | AU35: =E35+F35 -> 0
AP36: =COUNT(E36:AI36)-COUNTIF(E36:AI36,0) -> 0 | AQ36: =AJ36-AS36-AT36 -> 0 | AR36: =IF(AP36=30,2,IF(AP36=29,1,0)) -> 0 | AT36: =(SUMIFS(E36:AI36,E36:AI36,">12")-(COUNTIF(E36:AI36,">12")*12)) -> 0 | AU36: =E36+F36 -> 0
AP37: =COUNT(E37:AI37)-COUNTIF(E37:AI37,0) -> 0 | AQ37: =AJ37-AS37-AT37 -> 0 | AR37: =IF(AP37=30,2,IF(AP37=29,1,0)) -> 0 | AT37: =(SUMIFS(E37:AI37,E37:AI37,">12")-(COUNTIF(E37:AI37,">12")*12)) -> 0 | AU37: =E37+F37 -> 0
AP38: =COUNT(E38:AI38)-COUNTIF(E38:AI38,0) -> 0 | AQ38: =AJ38-AS38-AT38 -> 0 | AR38: =IF(AP38=30,2,IF(AP38=29,1,0)) -> 0 | AT38: =(SUMIFS(E38:AI38,E38:AI38,">12")-(COUNTIF(E38:AI38,">12")*12)) -> 0
AP39: =COUNT(E39:AI39)-COUNTIF(E39:AI39,0) -> 0 | AQ39: =AJ39-AS39-AT39 -> 0 | AR39: =IF(AP39=30,2,IF(AP39=29,1,0)) -> 0 | AT39: =(SUMIFS(E39:AI39,E39:AI39,">12")-(COUNTIF(E39:AI39,">12")*12)) -> 0
AP40: =COUNT(E40:AI40)-COUNTIF(E40:AI40,0) -> 0 | AQ40: =AJ40-AS40-AT40 -> 0 | AR40: =IF(AP40=30,2,IF(AP40=29,1,0)) -> 0 | AT40: =(SUMIFS(E40:AI40,E40:AI40,">12")-(COUNTIF(E40:AI40,">12")*12)) -> 0
AP41: =COUNT(E41:AI41)-COUNTIF(E41:AI41,0) -> 0 | AQ41: =AJ41-AS41-AT41 -> 0 | AR41: =IF(AP41=30,2,IF(AP41=29,1,0)) -> 0 | AT41: =(SUMIFS(E41:AI41,E41:AI41,">12")-(COUNTIF(E41:AI41,">12")*12)) -> 0
AP42: =COUNT(E42:AI42)-COUNTIF(E42:AI42,0) -> 0 | AQ42: =AJ42-AS42-AT42 -> 0 | AR42: =IF(AP42=30,2,IF(AP42=29,1,0)) -> 0 | AT42: =(SUMIFS(E42:AI42,E42:AI42,">12")-(COUNTIF(E42:AI42,">12")*12)) -> 0
AJ43: =SUM(AJ10:AJ42) -> 5972 | AP43: =COUNT(E43:AI43)-COUNTIF(E43:AI43,0) -> 0 | AQ43: =AJ43-AS43-AT43 -> 5972 | AR43: =IF(AP43=30,2,IF(AP43=29,1,0)) -> 0 | AT43: =(SUMIFS(E43:AI43,E43:AI43,">12")-(COUNTIF(E43:AI43,">12")*12)) -> 0
AP44: =COUNT(E44:AI44)-COUNTIF(E44:AI44,0) -> 0 | AQ44: =AJ44-AS44-AT44 -> 0 | AR44: =IF(AP44=28,2,IF(AP44=27,1,0)) -> 0 | AT44: =SUMIFS(E44:AI44,E44:AI44,">12")-(COUNTIF(E44:AI44,">12")*12) -> 0

Sheet TP
B1: BẢNG CHẤM CÔNG NHÂN VIÊN THÁNG 10 | AM1: - Những cột có dấu (*) là bắt buộc người chấm công phải nhập dữ liệu (nếu có)
B2: ( Từ Ngày 01 /10 /2019 Đến 31/10/2019 )
C3: Bãi xe:AEON TÂN PHÚ | AM3: Phần nhập của Quản lý Bãi xe | AQ3: Phần nhập của Phòng HCNS
AM4: (*) | AN4: (*) | AO4: (*) | AP4: (*)
C5: 1 | D5: 1 | E5: 2 | F5: 3 | G5: 4 | H5: 5 | I5: 6 | J5: 7 | K5: 8 | L5: 9 | M5: 10 | N5: 11 | O5: 12 | P5: 13 | Q5: 14 | R5: 15 | S5: 16 | T5: 17 | U5: 18 | V5: 19 | W5: 20 | X5: 21 | Y5: 22 | Z5: 23 | AA5: 24 | AB5: 25 | AC5: 26 | AD5: 27 | AE5: 28 | AF5: 29 | AG5: 30 | AH5: 31 | AI5: 32 | AJ5: 33 | AK5: 34 | AL5: 35 | AM5: 36 | AN5: 37 | AO5: 38 | AP5: 39 | AQ5: 40 | AR5: 41 | AS5: 42 | AT5: 43 | AU5: 44 | AV5: 45 | AW5: 46 | AX5: 47 | AY5: 48
B6: Phần in ra cho Nhân viên ký xác nhận
B7: STT | C7: HỌ VÀ TÊN | D7: Thứ | F7: =TEXT(F8,"ddd") -> T3 | G7: =TEXT(G8,"ddd") -> T4 | H7: =TEXT(H8,"ddd") -> T5 | I7: =TEXT(I8,"ddd") -> T6 | J7: =TEXT(J8,"ddd") -> T7 | K7: =TEXT(K8,"ddd") -> CN | L7: =TEXT(L8,"ddd") -> T2 | M7: =TEXT(M8,"ddd") -> T3 | ... AJ7: =TEXT(AJ8,"ddd") | AL7: NV Ký Xác nhận | AM7: Thông tin Tham chiếu | AQ7: Giờ công (h) | AX7: Đánh giá
D8: Ngày | F8: =DATE(SGP!D7,SGP!D6,1) -> 46266 | G8: =IFERROR(IF(F8+1<=EOMONTH(F8,0),F8+1,""),"") -> 46267 | H8: =IFERROR(IF(G8+1<=EOMONTH(G8,0),G8+1,""),"") -> 46268 | I8: =IFERROR(IF(H8+1<=EOMONTH(H8,0),H8+1,""),"") -> 46269 | J8: =IFERROR(IF(I8+1<=EOMONTH(I8,0),I8+1,""),"") -> 46270 | K8: =IFERROR(IF(J8+1<=EOMONTH(J8,0),J8+1,""),"") -> 46271 | L8: =IFERROR(IF(K8+1<=EOMONTH(K8,0),K8+1,""),"") -> 46272 | M8: =IFERROR(IF(L8+1<=EOMONTH(L8,0),L8+1,""),"") -> 46273 | N8: =IFERROR(IF(M8+1<=EOMONTH(M8,0),M8+1,""),"") -> 46274 | ... AJ8: =IFERROR(IF(AI8+1<=EOMONTH(AI8,0),AI8+1,""),"") | AK8: Tổng giờ Công | AM8: Đối tượng / Chức vụ | AN8: Ghi chú (ghi chú phụ cấp) | AO8: Bãi xe (chỉ ghi khi có NV đến hỗ trợ) | AP8: Ca làm việc | AQ8: Tổng số ngày Làm việc trong tháng | AR8: Giờ công thường 1.0 | AS8: Số ngày tăng ca ngày nghỉ | AT8: Tăng ca ngày 1.3 | AU8: Tăng ca giờ 1.5 | AV8: Tăng ca Lễ 2.0 | AW8: Tăng ca tết 3.0 | AX8: Bãi xe Đánh giá | AY8: P. Nhân sự đánh giá
B9: A | C9: Ca Ngày | D9: MSNV | E9: Ngày vào làm | F9: =SUM(F10:F102) -> 522.5 | G9: =SUM(G10:G102) -> 566.5 | H9: =SUM(H10:H102) -> 442 | I9: =SUM(I10:I79) -> 424.5 | J9: =SUM(J10:J101) -> 550 | K9: =SUM(K10:K102) -> 558.5 | L9: =SUM(L10:L102) -> 417 | M9: =SUM(M10:M102) -> 419.5 | N9: =SUM(N10:N102) -> 427.5 | O9: =SUM(O10:O102) -> 459.5 | P9: =SUM(P10:P102) -> 425.5 | Q9: =SUM(Q10:Q102) -> 538 | R9: =SUM(R10:R102) -> 536 | ... Z9: =SUM(Z10:Z102) -> 380 | AA9: =SUM(AA10:AA100) -> 419 | AB9: =SUM(AB10:AB100) -> 421.5 | AC9: =SUM(AC10:AC100) -> 424 | AD9: =SUM(AD10:AD99) -> 405.5 | AE9: =SUM(AE10:AE99) -> 523.5 | AF9: =SUM(AF10:AF99) -> 521.5 | AG9: =SUM(AG10:AG99) -> 378.5 | AH9: =SUM(AH10:AH100) -> 432 | AI9: =SUM(AI10:AI102) -> 406 | AJ9: =SUM(AJ10:AJ102) -> 4328 | AK9: =SUM(AK10:AK83) -> 8508.5 | AM9: 4 vị trí CO | AN9: =SUM(AN10:AN83) -> 0 | AO9: =SUM(AO10:AO83) -> 900000 | AP9: =SUM(AP10:AP83) -> 0 | AQ9: =SUM(AQ10:AQ83) -> 1224 | AR9: =SUM(AR10:AR83) -> 4807 | AS9: =SUM(AS10:AS83) -> 19 | AT9: =SUM(AT10:AT83) -> 218.5 | AU9: =SUM(AU10:AU83) -> 3481
B10: 1 | C10: Châu Long Phi | D10: KV10969 | E10: 43024 | F10: 10 | G10: 10 | H10: OFF | I10: OFF | J10: OFF | K10: OFF | L10: OFF | M10: OFF | N10: 10 | O10: 10 | P10: 10 | Q10: 10 | R10: 10 | S10: 10 | T10: 10 | U10: 10 | V10: OFF | W10: 10 | X10: 10 | Y10: 10 | Z10: 10 | AA10: OFF | AB10: 10 | AC10: 10 | AD10: 10 | AE10: 10 | AF10: 10 | AG10: 10 | AH10: 10 | AI10: 10 | AM10: ĐỘI TRUỎNG | AS10: =IF(AQ10=30,2,IF(AQ10=29,1,0)) -> 0
B11: 2 | C11: Nguyễn Trung Kiên | D11: KV04280 | E11: 43412 | F11: 15 | G11: 16 | H11: 16 | I11: 16 | J11: 16 | K11: 16 | L11: 16 | M11: 16 | N11: 16 | O11: 16 | P11: 16 | Q11: 16 | R11: 16 | S11: 16 | T11: 15 | U11: 16 | V11: 16 | W11: 16 | X11: 16 | Y11: 16 | Z11: 15 | AA11: 16 | AB11: 16 | AC11: 16 | AD11: 16 | AE11: 16 | AF11: 16 | AG11: 16 | AH11: 15 | AI11: 16 | AK11: =SUM(F11:AJ11) -> 476 | AL11: =VLOOKUP(C11,[2]T09.2026!$C$200:$E$236,3,0) -> KV04280 | AM11: CA TRƯỞNG | AQ11: =COUNT(F11:AJ11)-COUNTIF(F11:AJ11,0) -> 30 | AR11: =AK11-AT11-AU11 -> 336 | AS11: =IF(AQ11=30,2,IF(AQ11=29,1,0)) -> 2 | AT11: 24 | AU11: =(SUMIFS(F11:AJ11,F11:AJ11,">12")-(COUNTIF(F11:AJ11,">12")*12)) -> 116 | AV11: =F11+G11 -> 31 | AY11: A
B12: 3 | C12: Võ Thị Ngọc Trân | D12: KV09331 | E12: 45489 | F12: 14 | G12: 14 | H12: 14 | I12: 14 | J12: 14 | K12: 14 | L12: 14 | M12: 5 | N12: 14 | O12: 14 | P12: 14 | Q12: 14 | R12: 14 | S12: 14 | T12: 14 | U12: 14 | V12: 14 | W12: 14 | X12: 14 | Y12: 14 | Z12: 14 | AA12: 14 | AB12: 14 | AC12: 14 | AD12: 14 | AE12: 14 | AF12: 14 | AG12: 14 | AH12: 14 | AI12: 14 | AK12: =SUM(F12:AJ12) -> 411 | AL12: =VLOOKUP(C12,[2]T09.2026!$C$200:$E$236,3,0) -> KV09331 | AM12: VĂN THƯ | AQ12: =COUNT(F12:AJ12)-COUNTIF(F12:AJ12,0) -> 30 | AR12: =AK12-AT12-AU12 -> 329 | AS12: =IF(AQ12=30,2,IF(AQ12=29,1,0)) -> 2 | AT12: 24 | AU12: =(SUMIFS(F12:AJ12,F12:AJ12,">12")-(COUNTIF(F12:AJ12,">12")*12)) -> 58 | AV12: =F12+G12 -> 28 | AY12: A
B13: 4 | C13: Nguyễn Trang Anh | D13: KV00087 | E13: 41685 | F13: 8 | G13: 8 | H13: 8 | I13: 8 | J13: 13 | K13: 8 | L13: 8 | M13: 8 | N13: 8 | O13: 8 | P13: 8 | Q13: 8 | R13: 8 | S13: 8 | T13: 8 | U13: 8 | V13: 8 | W13: 11 | X13: 8 | Y13: 8 | Z13: 11 | AA13: 11 | AB13: 11 | AC13: 8 | AD13: 8 | AE13: 8 | AF13: 8 | AG13: 8 | AH13: 8 | AI13: OFF | AK13: =SUM(F13:AJ13) -> 249 | AL13: =VLOOKUP(C13,[2]T09.2026!$C$200:$E$236,3,0) -> KV00087 | AM13: NHÂN VIÊN | AQ13: =COUNT(F13:AJ13)-COUNTIF(F13:AJ13,0) -> 29 | AR13: =AK13-AT13-AU13 -> 240 | AS13: =IF(AQ13=30,2,IF(AQ13=29,1,0)) -> 1 | AT13: 8 | AU13: =(SUMIFS(F13:AJ13,F13:AJ13,">12")-(COUNTIF(F13:AJ13,">12")*12)) -> 1 | AV13: =F13+G13 -> 16 | AY13: A
B14: 5 | C14: Huỳnh Văn Đẹt | D14: KV05246 | E14: 43585 | F14: 15 | G14: 14.5 | H14: 15 | I14: 15 | J14: 15 | K14: 15 | L14: 15 | M14: 15 | N14: 15 | O14: 15 | P14: 15 | Q14: 15 | R14: 15 | S14: 15 | T14: 15 | U14: 15 | V14: 15 | W14: 15 | X14: 15 | Y14: 15 | Z14: 15 | AA14: 15 | AB14: 15 | AC14: 15 | AD14: 15 | AE14: 15 | AF14: 15 | AG14: 15 | AH14: 15 | AI14: 15 | AK14: =SUM(F14:AJ14) -> 449.5 | AL14: =VLOOKUP(C14,[2]T09.2026!$C$200:$E$236,3,0) -> KV05246 | AM14: MO | AQ14: =COUNT(F14:AJ14)-COUNTIF(F14:AJ14,0) -> 30 | AR14: =AK14-AT14-AU14 -> 336 | AS14: =IF(AQ14=30,2,IF(AQ14=29,1,0)) -> 2 | AT14: 24 | AU14: =(SUMIFS(F14:AJ14,F14:AJ14,">12")-(COUNTIF(F14:AJ14,">12")*12)) -> 89.5 | AV14: =F14+G14 -> 29.5 | AY14: A
B15: 6 | C15: Lê Minh Hiếu | D15: KV09347 | E15: 44974 | F15: 15 | G15: 15 | H15: 15 | I15: 15 | J15: 15 | K15: 15 | L15: 15 | M15: 15 | N15: 15 | O15: 15 | P15: 15 | Q15: 15 | R15: 15 | S15: OFF | T15: OFF | U15: 16 | V15: 16 | W15: 15 | X15: 15 | Y15: 15 | Z15: 15 | AA15: 15 | AB15: 15 | AC15: 15 | AD15: 16 | AE15: 16 | AF15: 16 | AG15: 14.5 | AH15: 15 | AI15: 15 | AK15: =SUM(F15:AJ15) -> 424.5 | AL15: =VLOOKUP(C15,[2]T09.2026!$C$200:$E$236,3,0) -> KV09347 | AM15: CO + MO | AO15: 300000 | AQ15: =COUNT(F15:AJ15)-COUNTIF(F15:AJ15,0) -> 28 | AR15: =AK15-AT15-AU15 -> 336 | AS15: =IF(AQ15=30,2,IF(AQ15=29,1,0)) -> 0 | AU15: =(SUMIFS(F15:AJ15,F15:AJ15,">12")-(COUNTIF(F15:AJ15,">12")*12)) -> 88.5 | AV15: =F15+G15 -> 30 | AY15: A
B16: 7 | C16: Diệp Huyền Trang | D16: KV05854 | E16: 43671 | F16: 14 | G16: 14 | H16: 14 | I16: 8 | J16: 14 | K16: 14 | L16: 14 | M16: 14 | N16: OFF | O16: 14 | P16: 14 | Q16: 15 | R16: 15 | S16: 9 | T16: 14 | U16: 15 | V16: 14 | W16: 14 | X16: 14 | Y16: 14 | Z16: 14 | AA16: 14 | AB16: 14 | AC16: 10 | AD16: 14 | AE16: 14 | AF16: 14 | AG16: 14 | AH16: 14 | AI16: 13.5 | AK16: =SUM(F16:AJ16) -> 393.5 | AL16: =VLOOKUP(C16,[2]T09.2026!$C$200:$E$236,3,0) -> KV05854 | AM16: NHÂN VIÊN | AQ16: =COUNT(F16:AJ16)-COUNTIF(F16:AJ16,0) -> 29 | AR16: =AK16-AT16-AU16 -> 327 | AS16: =IF(AQ16=30,2,IF(AQ16=29,1,0)) -> 1 | AT16: 12 | AU16: =(SUMIFS(F16:AJ16,F16:AJ16,">12")-(COUNTIF(F16:AJ16,">12")*12)) -> 54.5 | AV16: =F16+G16 -> 28 | AY16: A
B17: 8 | C17: Huỳnh Văn Quốc | D17: KV03115 | E17: 44851 | F17: 15 | G17: 15 | H17: 16 | I17: 15 | J17: 15 | K17: 15 | L17: 15 | M17: 15 | N17: 15 | O17: 15 | P17: 15 | Q17: 15 | R17: 15 | S17: 15 | T17: 15 | U17: 15 | V17: 15 | W17: 15 | X17: 15 | Y17: 15 | Z17: 15 | AA17: 15 | AB17: 15 | AC17: 15 | AD17: 15 | AE17: 15 | AF17: 15 | AG17: 15 | AH17: 7 | AI17: 15 | AK17: =SUM(F17:AJ17) -> 443 | AL17: =VLOOKUP(C17,[2]T09.2026!$C$200:$E$236,3,0) -> KV03115 | AM17: MO | AQ17: =COUNT(F17:AJ17)-COUNTIF(F17:AJ17,0) -> 30 | AR17: =AK17-AT17-AU17 -> 336 | AS17: =IF(AQ17=30,2,IF(AQ17=29,1,0)) -> 2 | AT17: 19 | AU17: =(SUMIFS(F17:AJ17,F17:AJ17,">12")-(COUNTIF(F17:AJ17,">12")*12)) -> 88 | AV17: =F17+G17 -> 30 | AY17: A
B18: 9 | C18: Huỳnh Ngọc Phương Trang | D18: KV06292 | E18: 43795 | F18: 16 | G18: 15 | H18: OFF | I18: 15 | J18: 15 | K18: 15 | L18: 15 | M18: 15 | N18: 15 | O18: 15 | P18: 14 | Q18: 15 | R18: 15 | S18: 15 | T18: 15 | U18: 15 | V18: 15 | W18: 15 | X18: 15 | Y18: 15 | Z18: 16 | AA18: 15 | AB18: 15 | AC18: 15 | AD18: OFF | AE18: 15 | AF18: 15 | AG18: 15 | AH18: 15 | AI18: 15 | AK18: =SUM(F18:AJ18) -> 421 | AL18: =VLOOKUP(C18,[2]T09.2026!$C$200:$E$236,3,0) -> KV06292 | AM18: NHÂN VIÊN | AQ18: =COUNT(F18:AJ18)-COUNTIF(F18:AJ18,0) -> 28 | AR18: =AK18-AT18-AU18 -> 336 | AS18: =IF(AQ18=30,2,IF(AQ18=29,1,0)) -> 0 | AU18: =(SUMIFS(F18:AJ18,F18:AJ18,">12")-(COUNTIF(F18:AJ18,">12")*12)) -> 85 | AV18: =F18+G18 -> 31 | AY18: A
B19: 10 | C19: Diệp Ngọc Yến | D19: KV10355 | E19: 45143 | F19: 15 | G19: 15 | H19: OFF | I19: 15 | J19: 15 | K19: 15 | L19: 15 | M19: 15 | N19: 15 | O19: 15 | P19: 15 | Q19: 15 | R19: 15 | S19: 15 | T19: 15 | U19: 15 | V19: 15 | W19: 15 | X19: 14 | Y19: 15 | Z19: 15 | AA19: 15 | AB19: 15 | AC19: 15 | AD19: 15 | AE19: 15 | AF19: 15 | AG19: 15 | AH19: 15 | AI19: 15 | AK19: =SUM(F19:AJ19) -> 434 | AL19: =VLOOKUP(C19,[2]T09.2026!$C$200:$E$236,3,0) -> KV10355 | AM19: NHÂN VIÊN | AQ19: =COUNT(F19:AJ19)-COUNTIF(F19:AJ19,0) -> 29 | AR19: =AK19-AT19-AU19 -> 336 | AS19: =IF(AQ19=30,2,IF(AQ19=29,1,0)) -> 1 | AT19: 12 | AU19: =(SUMIFS(F19:AJ19,F19:AJ19,">12")-(COUNTIF(F19:AJ19,">12")*12)) -> 86 | AV19: =F19+G19 -> 30 | AY19: A
B20: 11 | C20: Nguyễn Thị Mỹ Hà | D20: KV11988 | E20: 45745 | F20: 14 | G20: 14 | H20: 14 | I20: 14 | J20: 14 | K20: 14 | L20: 14 | M20: 14 | N20: 14 | O20: 14 | P20: 14 | Q20: 14 | R20: 14 | S20: 14 | T20: 14 | U20: 14 | V20: 14 | W20: 4 | X20: 14 | Y20: 14 | Z20: OFF | AA20: OFF | AB20: OFF | AC20: OFF | AD20: 14 | AE20: 14 | AF20: 14 | AG20: 14 | AH20: 14 | AI20: 14 | AK20: =SUM(F20:AJ20) -> 354 | AL20: =VLOOKUP(C20,[2]T09.2026!$C$200:$E$236,3,0) -> KV11988 | AM20: NHÂN VIÊN | AQ20: =COUNT(F20:AJ20)-COUNTIF(F20:AJ20,0) -> 26 | AR20: =AK20-AT20-AU20 -> 304 | AS20: =IF(AQ20=30,2,IF(AQ20=29,1,0)) -> 0 | AU20: =(SUMIFS(F20:AJ20,F20:AJ20,">12")-(COUNTIF(F20:AJ20,">12")*12)) -> 50 | AV20: =F20+G20 -> 28 | AY20: A
B21: 12 | C21: Nguyễn Thanh Tùng | D21: KV06197 | E21: 43754 | F21: 15 | G21: 15.5 | H21: 16 | I21: 14.5 | J21: 16 | K21: 16 | L21: 16 | M21: 16 | N21: 16 | O21: 15 | P21: 16 | Q21: 16 | R21: 16 | S21: 16 | T21: OFF | U21: 16 | V21: 16 | W21: 16 | X21: 16 | Y21: 16 | Z21: 16 | AA21: 16 | AB21: 16 | AC21: 16 | AD21: 16 | AE21: 16 | AF21: 16 | AG21: 16 | AH21: 16 | AI21: 15.5 | AK21: =SUM(F21:AJ21) -> 459.5 | AL21: =VLOOKUP(C21,[2]T09.2026!$C$200:$E$236,3,0) -> KV06197 | AM21: NHÂN VIÊN | AQ21: =COUNT(F21:AJ21)-COUNTIF(F21:AJ21,0) -> 29 | AR21: =AK21-AT21-AU21 -> 336 | AS21: =IF(AQ21=30,2,IF(AQ21=29,1,0)) -> 1 | AT21: 12 | AU21: =(SUMIFS(F21:AJ21,F21:AJ21,">12")-(COUNTIF(F21:AJ21,">12")*12)) -> 111.5 | AV21: =F21+G21 -> 30.5 | AY21: A
B22: 13 | C22: Âu Thanh Sơn | D22: KV02951 | E22: 44747 | F22: 13.5 | G22: 13.5 | H22: 13.5 | I22: 13 | J22: 13.5 | K22: 13.5 | L22: 13.5 | M22: 13.5 | N22: 13.5 | O22: 13.5 | P22: OFF | Q22: 13.5 | R22: 14 | S22: 13.5 | T22: 13.5 | U22: 13.5 | V22: 13.5 | W22: 13.5 | X22: 13.5 | Y22: 13.5 | Z22: 13.5 | AA22: 14 | AB22: 13.5 | AC22: 16 | AD22: 13.5 | AE22: 13.5 | AF22: 13.5 | AG22: 14 | AH22: 14 | AI22: 13.5 | AK22: =SUM(F22:AJ22) -> 395.5 | AL22: =VLOOKUP(C22,[2]T09.2026!$C$200:$E$236,3,0) -> KV02951 | AM22: NHÂN VIÊN | AQ22: =COUNT(F22:AJ22)-COUNTIF(F22:AJ22,0) -> 29 | AR22: =AK22-AT22-AU22 -> 336 | AS22: =IF(AQ22=30,2,IF(AQ22=29,1,0)) -> 1 | AT22: 12 | AU22: =(SUMIFS(F22:AJ22,F22:AJ22,">12")-(COUNTIF(F22:AJ22,">12")*12)) -> 47.5 | AV22: =F22+G22 -> 27 | AY22: A
B23: 14 | C23: Nguyễn Thị Kim Cương | D23: KV10684 | E23: 45908 | F23: 7 | G23: 7 | H23: 7 | I23: 7 | J23: 7 | K23: 7 | L23: 7 | M23: OFF | N23: OFF | O23: 2 | P23: 7 | Q23: 7 | R23: 7 | S23: 7 | T23: 7 | U23: 7 | V23: 7 | W23: 9 | X23: 7 | Y23: 7 | Z23: 7 | AA23: 7.5 | AB23: 7 | AC23: 7 | AD23: 7 | AE23: 7 | AF23: 7 | AG23: 7 | AH23: 7 | AI23: 7 | AK23: =SUM(F23:AJ23) -> 193.5 | AL23: =VLOOKUP(C23,[2]T09.2026!$C$200:$E$236,3,0) -> KV10684 | AM23: NHÂN VIÊN | AQ23: =COUNT(F23:AJ23)-COUNTIF(F23:AJ23,0) -> 28 | AR23: =AK23-AT23-AU23 -> 193.5 | AS23: =IF(AQ23=30,2,IF(AQ23=29,1,0)) -> 0 | AU23: =(SUMIFS(F23:AJ23,F23:AJ23,">12")-(COUNTIF(F23:AJ23,">12")*12)) -> 0 | AV23: =F23+G23 -> 14 | AY23: B
B24: 15 | C24: Phan Văn Hậu | D24: KV11489 | E24: 45569 | F24: 15 | G24: 14 | H24: 14 | I24: 14 | J24: 14 | K24: 14 | L24: 14 | M24: 8 | N24: 14 | O24: 14 | P24: 14 | Q24: 16 | R24: 15 | S24: 14 | T24: OFF | U24: 14 | V24: 14 | W24: 14 | X24: 15 | Y24: 15 | Z24: 14 | AA24: 14 | AB24: 14 | AC24: 14 | AD24: 14 | AE24: 15 | AF24: 15 | AG24: 14 | AH24: 14 | AI24: 14 | AK24: =SUM(F24:AJ24) -> 408 | AL24: =VLOOKUP(C24,[2]T09.2026!$C$200:$E$236,3,0) -> KV11489 | AM24: NHÂN VIÊN | AQ24: =COUNT(F24:AJ24)-COUNTIF(F24:AJ24,0) -> 29 | AR24: =AK24-AT24-AU24 -> 332 | AS24: =IF(AQ24=30,2,IF(AQ24=29,1,0)) -> 1 | AT24: 12 | AU24: =(SUMIFS(F24:AJ24,F24:AJ24,">12")-(COUNTIF(F24:AJ24,">12")*12)) -> 64 | AV24: =F24+G24 -> 29 | AY24: A
B25: 16 | C25: Nguyễn Văn Thắng Anh | D25: KV12757 | E25: 46044 | F25: 13.5 | G25: 13.5 | H25: 13.5 | I25: 13.5 | J25: 13.5 | K25: 13.5 | L25: 13.5 | M25: 13.5 | N25: 13.5 | O25: 13.5 | P25: 14 | Q25: 14 | R25: 14 | S25: OFF | T25: 13.5 | U25: 13.5 | V25: 13.5 | W25: 13.5 | X25: 13.5 | Y25: 13.5 | Z25: OFF | AA25: 7 | AB25: 7 | AC25: 16 | AD25: 13.5 | AE25: 13.5 | AF25: 13.5 | AG25: 14 | AH25: 14 | AI25: 13 | AK25: =SUM(F25:AJ25) -> 369.5 | AL25: =VLOOKUP(C25,[2]T09.2026!$C$200:$E$236,3,0) -> KV12757 | AM25: NHÂN VIÊN | AQ25: =COUNT(F25:AJ25)-COUNTIF(F25:AJ25,0) -> 28 | AR25: =AK25-AT25-AU25 -> 326 | AS25: =IF(AQ25=30,2,IF(AQ25=29,1,0)) -> 0 | AU25: =(SUMIFS(F25:AJ25,F25:AJ25,">12")-(COUNTIF(F25:AJ25,">12")*12)) -> 43.5 | AV25: =F25+G25 -> 27 | AY25: A
B26: 17 | C26: Vũ Trần Thái Hòa | D26: KV12954 | E26: 46100 | F26: 15 | G26: 15 | H26: 15 | I26: 15 | J26: 15 | K26: 15 | L26: 15 | M26: 15 | N26: 15 | O26: 15 | P26: 15 | Q26: 16 | R26: 16 | S26: 15 | T26: 15 | U26: OFF | V26: 15 | W26: 15 | X26: 16 | Y26: 15 | Z26: 15 | AA26: 15 | AB26: 15 | AC26: 15 | AD26: 15 | AE26: 15 | AF26: 15 | AG26: 15 | AH26: 15 | AI26: 15 | AK26: =SUM(F26:AJ26) -> 438 | AL26: =VLOOKUP(C26,[2]T09.2026!$C$200:$E$236,3,0) -> KV12954 | AM26: CO | AO26: 300000 | AQ26: =COUNT(F26:AJ26)-COUNTIF(F26:AJ26,0) -> 29 | AR26: =AK26-AT26-AU26 -> 336 | AS26: =IF(AQ26=30,2,IF(AQ26=29,1,0)) -> 1 | AT26: 12 | AU26: =(SUMIFS(F26:AJ26,F26:AJ26,">12")-(COUNTIF(F26:AJ26,">12")*12)) -> 90 | AV26: =F26+G26 -> 30 | AY26: A
B27: 18 | C27: Lâm Quốc Hân | D27: KV13108 | E27: 46157 | F27: 12 | G27: 11 | H27: 9 | I27: 10 | J27: 11 | K27: 12 | L27: 10 | M27: 10 | N27: OFF | O27: 8 | P27: 8 | Q27: 9 | R27: 9 | S27: 8 | T27: OFF | U27: 9 | V27: 12 | W27: 8 | X27: OFF | Y27: 9 | Z27: 8 | AA27: 12 | AB27: 12 | AC27: 10 | AD27: 4.5 | AE27: 8 | AF27: 14 | AG27: OFF | AH27: OFF | AI27: OFF | AK27: =SUM(F27:AJ27) -> 233.5 | AL27: =VLOOKUP(C27,[2]T09.2026!$C$200:$E$236,3,0) -> KV13108 | AM27: NHÂN VIÊN | AQ27: =COUNT(F27:AJ27)-COUNTIF(F27:AJ27,0) -> 24 | AR27: =AK27-AT27-AU27 -> 231.5 | AS27: =IF(AQ27=30,2,IF(AQ27=29,1,0)) -> 0 | AU27: =(SUMIFS(F27:AJ27,F27:AJ27,">12")-(COUNTIF(F27:AJ27,">12")*12)) -> 2 | AV27: =F27+G27 -> 23 | AY27: A
B28: 19 | C28: Huỳnh Thị Hồng Hạnh | D28: KV10591 | E28: 46204 | F28: 7 | G28: 7 | H28: 7 | I28: 7 | J28: 7 | K28: 7 | L28: OFF | M28: 7 | N28: 7 | O28: 7 | P28: 7 | Q28: 7 | R28: 7 | S28: 7 | T28: 7 | U28: 7 | V28: 7 | W28: 10 | X28: 7 | Y28: 7 | Z28: 10 | AA28: 10 | AB28: OFF | AC28: 7 | AD28: 7 | AE28: 7 | AF28: OFF | AG28: OFF | AH28: OFF | AI28: OFF | AK28: =SUM(F28:AJ28) -> 177 | AL28: =VLOOKUP(C28,[2]T09.2026!$C$200:$E$236,3,0) -> KV10591 | AM28: NHÂN VIÊN | AQ28: =COUNT(F28:AJ28)-COUNTIF(F28:AJ28,0) -> 24 | AR28: =AK28-AT28-AU28 -> 177 | AS28: =IF(AQ28=30,2,IF(AQ28=29,1,0)) -> 0 | AU28: =(SUMIFS(F28:AJ28,F28:AJ28,">12")-(COUNTIF(F28:AJ28,">12")*12)) -> 0 | AV28: =F28+G28 -> 14 | AY28: A
B29: 20 | C29: Đoàn Nhựt Minh | D29: KV04279 | E29: 43412 | F29: 12.5 | G29: 12 | H29: 14.5 | I29: 12 | J29: 12 | K29: 12 | L29: 14 | M29: 13.5 | N29: 13.5 | O29: 13.5 | P29: 14 | Q29: 12.5 | R29: 12 | S29: 14.5 | T29: 15 | U29: 14 | V29: 12 | W29: 12 | X29: 12 | Y29: 12 | Z29: 12 | AA29: 12 | AB29: 12 | AC29: 12 | AD29: 12 | AE29: 12 | AF29: 11.5 | AG29: 14 | AH29: 12 | AI29: 11.5 | AK29: =SUM(F29:AJ29) -> 380.5 | AL29: =VLOOKUP(C29,[2]T09.2026!$C$200:$E$236,3,0) -> KV04279 | AM29: MO+CO | AO29: 300000 | AQ29: =COUNT(F29:AJ29)-COUNTIF(F29:AJ29,0) -> 30 | AR29: =AK29-AT29-AU29 -> 335.5 | AS29: =IF(AQ29=30,2,IF(AQ29=29,1,0)) -> 2 | AT29: 23.5 | AU29: =(SUMIFS(F29:AJ29,F29:AJ29,">12")-(COUNTIF(F29:AJ29,">12")*12)) -> 21.5 | AV29: =F29+G29 -> 24.5 | AY29: A
B30: 21 | C30: Nguyễn Thị Ngọc Ánh | D30: KV13458 | E30: 46274 | F30: NHÂN SỰ MỚI | N30: 12 | O30: 12 | P30: 12 | Q30: 13 | R30: 13 | S30: 12 | T30: NGHĨ VIỆC | AK30: =SUM(F30:AJ30) -> 74 | AL30: =VLOOKUP(C30,[2]T09.2026!$C$200:$E$236,3,0) -> KV13458 | AM30: NHÂN VIÊN | AQ30: =COUNT(F30:AJ30)-COUNTIF(F30:AJ30,0) -> 6 | AR30: =AK30-AT30-AU30 -> 72 | AS30: =IF(AQ30=30,2,IF(AQ30=29,1,0)) -> 0 | AU30: =(SUMIFS(F30:AJ30,F30:AJ30,">12")-(COUNTIF(F30:AJ30,">12")*12)) -> 2 | AY30: A
B31: 22 | C31: Lương Thị Bích Tiên | D31: KV10023 | E31: 46289 | F31: NHÂN SỰ MỚI | AC31: 12 | AD31: 12 | AE31: 13 | AF31: 13 | AG31: 12 | AH31: 12 | AI31: 12 | AK31: =SUM(F31:AJ31) -> 86 | AL31: =VLOOKUP(C31,[2]T09.2026!$C$200:$E$236,3,0) -> KV10023 | AM31: NHÂN VIÊN | AQ31: =COUNT(F31:AJ31)-COUNTIF(F31:AJ31,0) -> 7 | AR31: =AK31-AT31-AU31 -> 84 | AS31: =IF(AQ31=30,2,IF(AQ31=29,1,0)) -> 0 | AU31: =(SUMIFS(F31:AJ31,F31:AJ31,">12")-(COUNTIF(F31:AJ31,">12")*12)) -> 2 | AY31: A
B32: 23 | C32: Nguyễn Gia Thiện | D32: KV10986 | E32: 46116 | F32: 10 | G32: 11 | H32: 8 | I32: 8.5 | J32: 12 | K32: 11 | L32: OFF | M32: 8 | N32: 16 | O32: 5 | P32: 5 | Q32: 9.5 | R32: 14 | S32: 14 | T32: 5 | U32: 8.5 | V32: OFF | W32: OFF | X32: OFF | Y32: OFF | Z32: OFF | AA32: OFF | AB32: OFF | AC32: OFF | AD32: OFF | AE32: OFF | AF32: OFF | AG32: OFF | AH32: OFF | AI32: 6 | AK32: =SUM(F32:AJ32) -> 151.5 | AL32: =VLOOKUP(C32,[2]T09.2026!$C$200:$E$236,3,0) -> KV10986 | AM32: NHÂN VIÊN | AQ32: =COUNT(F32:AJ32)-COUNTIF(F32:AJ32,0) -> 16 | AR32: =AK32-AT32-AU32 -> 143.5 | AS32: =IF(AQ32=30,2,IF(AQ32=29,1,0)) -> 0 | AU32: =(SUMIFS(F32:AJ32,F32:AJ32,">12")-(COUNTIF(F32:AJ32,">12")*12)) -> 8 | AV32: =F32+G32 -> 21 | AY32: A
B33: B | C33: Ca Đêm | AQ33: =COUNT(F33:AJ33)-COUNTIF(F33:AJ33,0) -> 0 | AR33: =AK33-AT33-AU33 -> 0 | AS33: =IF(AQ33=30,2,IF(AQ33=29,1,0)) -> 0 | AU33: =(SUMIFS(F33:AJ33,F33:AJ33,">12")-(COUNTIF(F33:AJ33,">12")*12)) -> 0 | AV33: =F33+G33 -> 0 | AY33: B
B34: 1 | C34: Võ Nguyễn Anh Duy | D34: KV09310 | E34: 46135 | F34: 13 | G34: 14 | H34: 13 | I34: 12 | J34: 14 | K34: 14 | L34: 14 | M34: 13 | N34: 14 | O34: 12.5 | P34: 13 | Q34: 14 | R34: 13.5 | S34: 13 | T34: 13 | U34: 13 | V34: 13 | W34: 14 | X34: 15 | Y34: 15 | Z34: 13 | AA34: 12.5 | AB34: 12 | AC34: 11.5 | AD34: 13 | AE34: 13.5 | AF34: 13 | AG34: 4 | AH34: 16 | AI34: 15 | AK34: =SUM(F34:AJ34) -> 393.5 | AL34: =VLOOKUP(C34,[2]T09.2026!$C$200:$E$236,3,0) -> KV09310 | AM34: NHÂN VIÊN | AQ34: =COUNT(F34:AJ34)-COUNTIF(F34:AJ34,0) -> 30 | AR34: =AK34-AT34-AU34 -> 327.5 | AS34: =IF(AQ34=30,2,IF(AQ34=29,1,0)) -> 2 | AT34: 24 | AU34: =(SUMIFS(F34:AJ34,F34:AJ34,">12")-(COUNTIF(F34:AJ34,">12")*12)) -> 42 | AV34: =F34+G34 -> 27 | AX34: 400000 | AY34: A
B35: 2 | C35: Võ Khắc Nhật | D35: KV10786 | E35: 46231 | F35: 13.5 | G35: 14 | H35: 15 | I35: 12.5 | J35: 15 | K35: 15 | L35: 12 | M35: 12 | N35: OFF | O35: 9 | P35: 12.5 | Q35: 14 | R35: 15 | S35: OFF | T35: 12 | U35: 12.5 | V35: 11 | W35: 11.5 | X35: 14 | Y35: 14 | Z35: 8 | AA35: 13 | AB35: 14 | AC35: 12 | AD35: 13 | AE35: 15 | AF35: 13 | AG35: 12 | AH35: 13.5 | AI35: 12 | AK35: =SUM(F35:AJ35) -> 360 | AL35: =VLOOKUP(C35,[2]T09.2026!$C$200:$E$236,3,0) -> KV10786 | AM35: NHÂN VIÊN | AQ35: =COUNT(F35:AJ35)-COUNTIF(F35:AJ35,0) -> 28 | AR35: =AK35-AT35-AU35 -> 327.5 | AS35: =IF(AQ35=30,2,IF(AQ35=29,1,0)) -> 0 | AU35: =(SUMIFS(F35:AJ35,F35:AJ35,">12")-(COUNTIF(F35:AJ35,">12")*12)) -> 32.5 | AV35: =F35+G35 -> 27.5 | AX35: 400000 | AY35: B
B36: 3 | C36: Phạm Tuấn Khanh | D36: KV12952 | E36: 46286 | F36: NHÂN SỰ MỚI | Z36: 16 | AA36: 15 | AB36: 14 | AC36: 13 | AD36: 13 | AE36: 16 | AF36: 14 | AG36: 13 | AH36: 13 | AI36: 13 | AK36: =SUM(F36:AJ36) -> 140 | AL36: =VLOOKUP(C36,[2]T09.2026!$C$200:$E$236,3,0) -> KV12952 | AM36: NHÂN VIÊN | AQ36: =COUNT(F36:AJ36)-COUNTIF(F36:AJ36,0) -> 10 | AR36: =AK36-AT36-AU36 -> 120 | AS36: =IF(AQ36=30,2,IF(AQ36=29,1,0)) -> 0 | AU36: =(SUMIFS(F36:AJ36,F36:AJ36,">12")-(COUNTIF(F36:AJ36,">12")*12)) -> 20 | AX36: 400000 | AY36: A
B37: C | C37: CƠ ĐỘNG | AQ37: =COUNT(F37:AJ37)-COUNTIF(F37:AJ37,0) -> 0 | AR37: =AK37-AT37-AU37 -> 0 | AS37: =IF(AQ37=30,2,IF(AQ37=29,1,0)) -> 0 | AU37: =(SUMIFS(F37:AJ37,F37:AJ37,">12")-(COUNTIF(F37:AJ37,">12")*12)) -> 0 | AV37: =F37+G37 -> 0 | AY37: A
B38: 1 | C38: Nguyễn Phan Kim Ngọc | D38: KV07735 | E38: 45782 | F38: 12 | G38: 12 | H38: 12 | I38: OFF | J38: 7 | K38: 12 | L38: 12 | M38: 12 | N38: 12 | O38: 12 | P38: 12 | Q38: 12 | R38: 4 | S38: 12 | T38: 12 | U38: 12 | V38: OFF | W38: 12 | X38: 4 | Y38: 4 | Z38: 12 | AA38: 12 | AB38: 12 | AC38: OFF | AD38: OFF | AE38: 4 | AF38: 4 | AG38: 12 | AH38: 12 | AI38: 12 | AJ38: =SUM(U38:AI38) -> 112 | AL38: =VLOOKUP(C38,[3]Sheet1!$B$10:$C$41,2,0) -> KV07735 | AM38: CƠ ĐỘNG | AQ38: =COUNT(F38:AJ38)-COUNTIF(F38:AJ38,0) -> 27 | AY38: A
B39: 2 | C39: Mã Phước Gia Bảo | D39: KV12306 | E39: 45848 | F39: OFF | G39: 14 | H39: 13 | I39: 14 | J39: 14 | K39: 14 | L39: 14 | M39: OFF | N39: 14 | O39: 14 | P39: BC | Q39: OFF | R39: OFF | S39: 8 | T39: 14 | U39: 14 | V39: 14 | W39: 14 | X39: 14 | Y39: 14 | Z39: 14 | AA39: 14 | AB39: 14 | AC39: 14 | AD39: 14 | AE39: 14 | AF39: 14 | AG39: 14 | AH39: 14 | AI39: 14 | AJ39: =SUM(U39:AI39) -> 210 | AL39: =VLOOKUP(C39,[3]Sheet1!$B$10:$C$41,2,0) -> KV12306 | AM39: CƠ ĐỘNG | AQ39: =COUNT(F39:AJ39)-COUNTIF(F39:AJ39,0) -> 26
B40: 3 | C40: Nguyễn Thị Diễm Phúc | D40: KV10918 | E40: 45850 | F40: 6 | G40: NGHĨ VIỆC | AJ40: =SUM(U40:AI40) -> 0 | AL40: =VLOOKUP(C40,[3]Sheet1!$B$10:$C$41,2,0) -> #N/A | AM40: CƠ ĐỘNG | AQ40: =COUNT(F40:AJ40)-COUNTIF(F40:AJ40,0) -> 1
B41: 4 | C41: Chu Nguyễn Yễn Nhi | E41: 45973 | F41: 12 | G41: 11 | H41: 7 | I41: 7.5 | J41: 10 | K41: 10 | L41: NGHĨ VIỆC | AJ41: =SUM(U41:AI41) -> 0 | AM41: CƠ ĐỘNG | AQ41: =COUNT(F41:AJ41)-COUNTIF(F41:AJ41,0) -> 6
B42: 5 | C42: Nguyễn Thị Bùi Nhung | D42: KV12822 | E42: 46082 | F42: 5 | G42: 5 | H42: 5 | I42: 5 | J42: 6.5 | K42: 6.5 | L42: 6 | M42: 6 | N42: 6 | O42: 6 | P42: 6 | Q42: 6 | R42: OFF | S42: 7 | T42: 6 | U42: OFF | V42: OFF | W42: 5 | X42: 6 | Y42: 6 | Z42: 6 | AA42: 6 | AB42: 6 | AC42: 6 | AD42: 5 | AE42: 6 | AF42: 6 | AG42: OFF | AH42: 5 | AI42: OFF | AJ42: =SUM(U42:AI42) -> 63 | AL42: =VLOOKUP(C42,[3]Sheet1!$B$10:$C$41,2,0) -> KV12822 | AM42: CƠ ĐỘNG | AQ42: =COUNT(F42:AJ42)-COUNTIF(F42:AJ42,0) -> 26
B43: 6 | C43: Trần Hoàng Hà | D43: KV12762 | E43: 46044 | F43: 10.5 | G43: 13.5 | H43: 10 | I43: 10 | J43: 13 | K43: 11.5 | L43: 5 | M43: OFF | N43: 5 | O43: OFF | P43: 4 | Q43: 5 | R43: 11 | S43: 5.5 | T43: OFF | U43: 5 | V43: OFF | W43: 3 | X43: 6 | Y43: 10.5 | Z43: NGHĨ VIỆC | AJ43: =SUM(U43:AI43) -> 24.5 | AL43: =VLOOKUP(C43,[3]Sheet1!$B$10:$C$41,2,0) -> KV12762 | AM43: CƠ ĐỘNG | AQ43: =COUNT(F43:AJ43)-COUNTIF(F43:AJ43,0) -> 17
B44: 7 | C44: Phan Đăng Quân | D44: KV12930 | E44: 46097 | F44: 14 | G44: 13 | H44: OFF | I44: OFF | J44: 13.5 | K44: 11 | L44: 11 | M44: 10 | N44: 10.5 | O44: 11 | P44: OFF | Q44: 13 | R44: 11 | S44: OFF | T44: 11 | U44: 11 | V44: 11 | W44: OFF | X44: 11 | Y44: 10.5 | Z44: OFF | AA44: 10 | AB44: 14 | AC44: 9.5 | AD44: OFF | AE44: 13.5 | AF44: 11 | AG44: OFF | AH44: 10.5 | AI44: 10.5 | AJ44: =SUM(U44:AI44) -> 122.5 | AL44: =VLOOKUP(C44,[3]Sheet1!$B$10:$C$41,2,0) -> KV12930 | AM44: CƠ ĐỘNG | AQ44: =COUNT(F44:AJ44)-COUNTIF(F44:AJ44,0) -> 23
B45: 8 | C45: Nguyễn Thế Anh | D45: KV13022 | E45: 13/04/2026 | F45: OFF | G45: 7 | H45: 7 | I45: OFF | J45: 7 | K45: 7 | L45: OFF | M45: 4 | N45: 7 | O45: OFF | P45: OFF | Q45: 7 | R45: 7 | S45: OFF | T45: 4 | U45: 7.5 | V45: OFF | W45: 3 | X45: 7 | Y45: 7 | Z45: OFF | AA45: 5 | AB45: 7 | AC45: OFF | AD45: OFF | AE45: 7 | AF45: 7 | AG45: OFF | AH45: 5 | AI45: 7 | AJ45: =SUM(U45:AI45) -> 62.5 | AL45: =VLOOKUP(C45,[3]Sheet1!$B$10:$C$41,2,0) -> KV13022 | AM45: CƠ ĐỘNG | AQ45: =COUNT(F45:AJ45)-COUNTIF(F45:AJ45,0) -> 20
B46: 9 | C46: Nguyễn Thị Thùy Linh | D46: KV13252 | E46: 46197 | F46: OFF | G46: OFF | H46: OFF | I46: OFF | J46: OFF | K46: OFF | L46: OFF | M46: OFF | N46: OFF | O46: OFF | P46: OFF | Q46: OFF | R46: OFF | S46: OFF | T46: OFF | U46: OFF | V46: OFF | W46: OFF | X46: OFF | Y46: OFF | Z46: OFF | AA46: OFF | AB46: OFF | AC46: 8 | AD46: 8 | AE46: 7 | AF46: OFF | AG46: OFF | AH46: OFF | AI46: OFF | AJ46: =SUM(U46:AI46) -> 23 | AL46: KV13252 | AM46: CƠ ĐỘNG | AQ46: =COUNT(F46:AJ46)-COUNTIF(F46:AJ46,0) -> 4
B47: 10 | C47: Lê Trần Hoài Bảo | D47: KV13260 | E47: 46199 | F47: 12.5 | G47: 12 | H47: 10 | I47: 12 | J47: 12 | K47: 13 | L47: 9 | M47: 9 | N47: 8.5 | O47: 10 | P47: 9 | Q47: 13.5 | R47: 9 | S47: 8.5 | T47: 9 | U47: 9 | V47: 10 | W47: 11 | X47: 13.5 | Y47: 13 | Z47: 10 | AA47: 9 | AB47: 9 | AC47: 10 | AD47: OFF | AE47: 16 | AF47: 12 | AG47: 9 | AH47: 9 | AI47: 9 | AJ47: =SUM(U47:AI47) -> 149.5 | AL47: =VLOOKUP(C47,[3]Sheet1!$B$10:$C$41,2,0) -> KV13260 | AM47: CƠ ĐỘNG | AQ47: =COUNT(F47:AJ47)-COUNTIF(F47:AJ47,0) -> 30
B48: 11 | C48: Võ Hồng Phúc | D48: KV13054 | E48: 46137 | F48: 12.5 | G48: 12 | H48: 7 | I48: 7.5 | J48: 10 | K48: 12 | L48: 8 | M48: 8 | N48: 7 | O48: 7 | P48: 7 | Q48: 10 | R48: 12 | S48: 7 | T48: 8 | U48: 8.5 | V48: 7 | W48: 8 | X48: 10 | Y48: 10 | Z48: OFF | AA48: OFF | AB48: OFF | AC48: OFF | AD48: 7 | AE48: 10 | AF48: 11 | AG48: 11 | AH48: 12 | AI48: 12 | AJ48: =SUM(U48:AI48) -> 106.5 | AL48: =VLOOKUP(C48,[3]Sheet1!$B$10:$C$41,2,0) -> KV13054 | AM48: CƠ ĐỘNG | AQ48: =COUNT(F48:AJ48)-COUNTIF(F48:AJ48,0) -> 27
B49: 12 | C49: Lê Việt Dũng | D49: KV13276 | E49: 46207 | F49: 13.5 | G49: 13 | H49: 7 | I49: 12 | J49: 13 | K49: 13 | L49: 13 | M49: 12 | N49: 12 | O49: 6 | P49: 12 | Q49: 13 | R49: 13 | S49: 12 | T49: 12 | U49: 13 | V49: 12 | W49: 12 | X49: 14 | Y49: 14 | Z49: 13 | AA49: 13 | AB49: 13 | AC49: 8 | AD49: 13 | AE49: 14 | AF49: 14 | AG49: 13 | AH49: 13 | AI49: 13 | AJ49: =SUM(U49:AI49) -> 192 | AL49: =VLOOKUP(C49,[3]Sheet1!$B$10:$C$41,2,0) -> KV13276 | AM49: CƠ ĐỘNG | AQ49: =COUNT(F49:AJ49)-COUNTIF(F49:AJ49,0) -> 31
B50: 13 | C50: Trần Thượng Hồng Ân | D50: KV13277 | E50: 46207 | F50: 14 | G50: 14 | H50: 13 | I50: 4 | J50: 14 | K50: 14 | L50: OFF | M50: 13 | N50: 4 | O50: 13 | P50: OFF | Q50: 14 | R50: 14 | S50: OFF | T50: 14 | U50: OFF | V50: 13 | W50: OFF | X50: 14 | Y50: 14 | Z50: OFF | AA50: 13 | AB50: OFF | AC50: 13 | AD50: OFF | AE50: 14 | AF50: 14 | AG50: OFF | AH50: 4 | AI50: OFF | AJ50: =SUM(U50:AI50) -> 99 | AL50: =VLOOKUP(C50,[3]Sheet1!$B$10:$C$41,2,0) -> KV13277 | AM50: CƠ ĐỘNG | AQ50: =COUNT(F50:AJ50)-COUNTIF(F50:AJ50,0) -> 21
B51: 14 | C51: Trương Thị Kim Yến | D51: KV13280 | E51: 46210 | F51: 8 | G51: 13 | H51: 8 | I51: 8.5 | J51: OFF | K51: OFF | L51: 8 | M51: OFF | N51: 8 | O51: 8 | P51: 8 | Q51: 13 | R51: 13 | S51: OFF | T51: 8 | U51: 8 | V51: 8 | W51: 8 | X51: 13 | Y51: 8 | Z51: 8 | AA51: 5 | AB51: 5 | AC51: 8 | AD51: 5 | AE51: 13 | AF51: 13 | AG51: OFF | AH51: 4 | AI51: OFF | AJ51: =SUM(U51:AI51) -> 106 | AL51: =VLOOKUP(C51,[3]Sheet1!$B$10:$C$41,2,0) -> KV13280 | AM51: CƠ ĐỘNG | AQ51: =COUNT(F51:AJ51)-COUNTIF(F51:AJ51,0) -> 25
B52: 15 | C52: Lê Thị Thảo Ngân | D52: KV12500 | E52: 46221 | F52: 10.5 | G52: 10 | H52: 4.5 | I52: 9.5 | J52: 12 | K52: 11.5 | L52: 9 | M52: 9 | N52: 9 | O52: 6 | P52: OFF | Q52: OFF | R52: OFF | S52: OFF | T52: 10.5 | U52: 3 | V52: 3.5 | W52: 7 | X52: 4 | Y52: 2 | Z52: 6 | AA52: OFF | AB52: 4 | AC52: OFF | AD52: OFF | AE52: 3.5 | AF52: 4 | AG52: OFF | AH52: OFF | AI52: 3 | AJ52: =SUM(U52:AI52) -> 40 | AL52: =VLOOKUP(C52,[3]Sheet1!$B$10:$C$41,2,0) -> KV12500 | AM52: CƠ ĐỘNG | AQ52: =COUNT(F52:AJ52)-COUNTIF(F52:AJ52,0) -> 22
B53: 16 | C53: Thẩm Quang Trung Thịnh | D53: KV13326 | E53: 46225 | F53: OFF | G53: 13 | H53: 13 | I53: 11 | J53: 13 | K53: 13 | L53: OFF | M53: OFF | N53: OFF | O53: 12 | P53: 13 | Q53: 13 | R53: 13 | S53: NGHĨ VIỆC | AJ53: =SUM(U53:AI53) -> 0 | AL53: =VLOOKUP(C53,[3]Sheet1!$B$10:$C$41,2,0) -> #N/A | AM53: CƠ ĐỘNG | AQ53: =COUNT(F53:AJ53)-COUNTIF(F53:AJ53,0) -> 9
B54: 17 | C54: Trương Gia Phát | D54: KV13360 | E54: 46238 | F54: 14 | G54: 14 | H54: 13 | I54: 13 | J54: 10 | K54: 14 | L54: OFF | M54: 14 | N54: 14 | O54: 13 | P54: 13 | Q54: 14 | R54: 14 | S54: 13 | T54: 14 | U54: 13 | V54: 10 | W54: 13 | X54: 14 | Y54: 14 | Z54: 8 | AA54: OFF | AB54: 13 | AC54: 13 | AD54: 13 | AE54: 14 | AF54: 14 | AG54: OFF | AH54: 13 | AI54: 13 | AJ54: =SUM(U54:AI54) -> 165 | AL54: =VLOOKUP(C54,[3]Sheet1!$B$10:$C$41,2,0) -> KV13360 | AM54: CƠ ĐỘNG | AQ54: =COUNT(F54:AJ54)-COUNTIF(F54:AJ54,0) -> 28
B55: 18 | C55: Huỳnh Nguyễn Gia Huy | D55: KV13140 | E55: 46241 | F55: 14 | G55: 13 | H55: OFF | I55: OFF | J55: 10 | K55: 12 | L55: 6 | M55: 7 | N55: OFF | O55: 4 | P55: 4 | Q55: 7 | R55: 12 | S55: 5 | T55: 6 | U55: OFF | V55: 5 | W55: 4 | X55: 6 | Y55: 12 | Z55: 6.5 | AA55: OFF | AB55: 4 | AC55: OFF | AD55: 4 | AE55: OFF | AF55: OFF | AG55: OFF | AH55: OFF | AI55: OFF | AJ55: =SUM(U55:AI55) -> 41.5 | AL55: =VLOOKUP(C55,[3]Sheet1!$B$10:$C$41,2,0) -> KV13140 | AM55: CƠ ĐỘNG | AQ55: =COUNT(F55:AJ55)-COUNTIF(F55:AJ55,0) -> 20
B56: 19 | C56: Nguyễn Ngọc Mỹ Tâm | D56: KV13381 | E56: 46250 | F56: 6 | G56: 6 | H56: 6 | I56: OFF | J56: 6 | K56: 6 | L56: OFF | M56: 6 | N56: OFF | O56: 6 | P56: OFF | Q56: 6 | R56: 6 | S56: OFF | T56: 6 | U56: OFF | V56: 6 | W56: OFF | X56: 6 | Y56: 6 | Z56: OFF | AA56: 6 | AB56: 5 | AC56: 6 | AD56: OFF | AE56: 6 | AF56: 6 | AG56: OFF | AH56: 6 | AI56: OFF | AJ56: =SUM(U56:AI56) -> 53 | AL56: =VLOOKUP(C56,[3]Sheet1!$B$10:$C$41,2,0) -> KV13381 | AM56: CƠ ĐỘNG | AQ56: =COUNT(F56:AJ56)-COUNTIF(F56:AJ56,0) -> 20
B57: 20 | C57: Phạm Ngọc Phúc | D57: KV13403 | E57: 46257 | F57: 12 | G57: 13 | H57: 13 | I57: OFF | J57: 12 | K57: 12 | L57: 12 | M57: 13 | N57: 11 | O57: 12.5 | P57: 12 | Q57: 3 | R57: 12 | S57: OFF | T57: 13 | U57: 13 | V57: 13 | W57: 14 | X57: 3 | Y57: 10 | Z57: 7 | AA57: 7 | AB57: 7 | AC57: OFF | AD57: 7 | AE57: 3 | AF57: 7 | AG57: 8 | AH57: OFF | AI57: 7 | AJ57: =SUM(U57:AI57) -> 106 | AL57: =VLOOKUP(C57,[3]Sheet1!$B$10:$C$41,2,0) -> KV13403 | AM57: CƠ ĐỘNG | AQ57: =COUNT(F57:AJ57)-COUNTIF(F57:AJ57,0) -> 27
B58: 21 | C58: Phạm Quang Linh | D58: KV11995 | E58: 46259 | F58: 6 | G58: 9.5 | H58: OFF | I58: 4 | J58: 8 | K58: 10 | L58: NGHĨ VIỆC | AJ58: =SUM(U58:AI58) -> 0 | AL58: =VLOOKUP(C58,[3]Sheet1!$B$10:$C$41,2,0) -> #N/A | AM58: CƠ ĐỘNG | AQ58: =COUNT(F58:AJ58)-COUNTIF(F58:AJ58,0) -> 5
B59: 22 | C59: Phạm Triệu Phú Tường | D59: KV12766 | E59: 46259 | F59: 14 | G59: 14 | H59: 13 | I59: 12 | J59: 5 | K59: 6.5 | L59: 12 | M59: 12 | N59: 11 | O59: 9.5 | P59: 13 | Q59: 13 | R59: 13 | S59: 13 | T59: 10 | U59: 11.5 | V59: 8 | W59: 12 | X59: 12.5 | Y59: 9 | Z59: 13 | AA59: BC | AB59: BC | AC59: BC | AD59: BC | AE59: BC | AF59: NGHĨ VIỆC | AJ59: =SUM(U59:AI59) -> 66 | AL59: =VLOOKUP(C59,[3]Sheet1!$B$10:$C$41,2,0) -> KV12766 | AM59: CƠ ĐỘNG | AQ59: =COUNT(F59:AJ59)-COUNTIF(F59:AJ59,0) -> 22
B60: 23 | C60: Nguyễn Huy Hoàng | D60: KV13168 | E60: 46264 | F60: OFF | G60: 12.5 | H60: BC | I60: BC | J60: BC | K60: BC | L60: 5 | M60: 5 | N60: 5 | O60: 3.5 | P60: OFF | Q60: OFF | R60: 4.5 | S60: 5.5 | T60: OFF | U60: 5 | V60: OFF | W60: 8 | X60: 8 | Y60: 11 | Z60: NGHĨ VIỆC | AJ60: =SUM(U60:AI60) -> 32 | AL60: =VLOOKUP(C60,[3]Sheet1!$B$10:$C$41,2,0) -> KV13168 | AM60: CƠ ĐỘNG | AQ60: =COUNT(F60:AJ60)-COUNTIF(F60:AJ60,0) -> 12
B61: 24 | C61: Huỳnh Tấn Phát | D61: KV12763 | E61: 46265 | F61: 14 | G61: 14 | H61: 8 | I61: 12 | J61: 5 | K61: 6.5 | L61: 5 | M61: 5 | N61: OFF | O61: OFF | P61: 4 | Q61: 5 | R61: 14 | S61: 5 | T61: 13 | U61: OFF | V61: 4 | W61: 8 | X61: OFF | Y61: 10.5 | Z61: NGHĨ VIỆC | AJ61: =SUM(U61:AI61) -> 22.5 | AL61: =VLOOKUP(C61,[3]Sheet1!$B$10:$C$41,2,0) -> KV12763 | AM61: CƠ ĐỘNG | AQ61: =COUNT(F61:AJ61)-COUNTIF(F61:AJ61,0) -> 17
B62: 25 | C62: Lê Tào Hoàng Quân | D62: KV13335 | E62: 46231 | F62: 14 | G62: 8 | H62: 15 | I62: 8.5 | J62: 14 | K62: 14 | L62: 12 | M62: 13 | N62: OFF | O62: OFF | P62: 8 | Q62: 13 | R62: 13 | S62: OFF | T62: 8 | U62: OFF | V62: 8 | W62: OFF | X62: 13 | Y62: 14 | Z62: 4 | AA62: 8 | AB62: 3 | AC62: OFF | AD62: 7 | AE62: 13 | AF62: 13 | AG62: OFF | AH62: 8 | AI62: OFF | AJ62: =SUM(U62:AI62) -> 91 | AL62: =VLOOKUP(C62,[3]Sheet1!$B$10:$C$41,2,0) -> KV13335 | AM62: CƠ ĐỘNG | AQ62: =COUNT(F62:AJ62)-COUNTIF(F62:AJ62,0) -> 23
B63: 26 | C63: Lê Thị Kim Ngân | D63: KV04785 | E63: 46274 | F63: NHÂN SỰ MỚI | N63: 7 | O63: 7 | P63: OFF | Q63: OFF | R63: OFF | S63: OFF | T63: OFF | U63: NGHĨ VIỆC | AJ63: =SUM(U63:AI63) -> 0 | AL63: =VLOOKUP(C63,[3]Sheet1!$B$10:$C$41,2,0) -> #N/A | AM63: CƠ ĐỘNG | AQ63: =COUNT(F63:AJ63)-COUNTIF(F63:AJ63,0) -> 2
B64: 27 | C64: Nguyễn Đinh Huy | D64: KV13457 | E64: 46274 | F64: NHÂN SỰ MỚI | N64: 5 | O64: 8 | P64: 8 | Q64: 8 | R64: 8 | S64: 8 | T64: 8 | U64: 8 | V64: OFF | W64: 5 | X64: 8 | Y64: 13 | Z64: NGHĨ VIỆC | AJ64: =SUM(U64:AI64) -> 34 | AL64: =VLOOKUP(C64,[3]Sheet1!$B$10:$C$41,2,0) -> KV13457 | AM64: CƠ ĐỘNG | AQ64: =COUNT(F64:AJ64)-COUNTIF(F64:AJ64,0) -> 12
B65: 28 | C65: Nguyễn Thị Bạch Trần | D65: KV12816 | E65: 46276 | F65: NHÂN SỰ MỚI | P65: 5 | Q65: 5 | R65: 5 | S65: OFF | T65: OFF | U65: OFF | V65: OFF | W65: 4 | X65: 4 | Y65: 4 | Z65: OFF | AA65: OFF | AB65: NGHĨ VIỆC | AJ65: =SUM(U65:AI65) -> 12 | AL65: =VLOOKUP(C65,[3]Sheet1!$B$10:$C$41,2,0) -> KV12816 | AM65: CƠ ĐỘNG | AQ65: =COUNT(F65:AJ65)-COUNTIF(F65:AJ65,0) -> 7
B66: 29 | C66: Vũ Thị Kim Phượng | D66: KV13502 | E66: 46287 | F66: NHÂN SỰ MỚI | AA66: 5.5 | AB66: NGHĨ VIỆC | AJ66: =SUM(U66:AI66) -> 5.5 | AL66: KV13502 | AM66: CƠ ĐỘNG | AQ66: =COUNT(F66:AJ66)-COUNTIF(F66:AJ66,0) -> 2
B67: 30 | C67: Trương Việt Trường | D67: KV13517 | E67: 46287 | F67: NHÂN SỰ MỚI | AA67: 8 | AB67: 8 | AC67: 12 | AD67: 4 | AE67: OFF | AF67: OFF | AG67: 8 | AH67: 12 | AI67: OFF | AJ67: =SUM(U67:AI67) -> 52 | AL67: KV13517 | AM67: CƠ ĐỘNG | AQ67: =COUNT(F67:AJ67)-COUNTIF(F67:AJ67,0) -> 7
B68: 31 | C68: Hồ Minh Đạt | D68: KV13504 | E68: 46287 | F68: NHÂN SỰ MỚI | AA68: 7.5 | AB68: 5 | AC68: OFF | AD68: 5 | AE68: OFF | AF68: 8 | AG68: OFF | AH68: 8 | AI68: 4.5 | AJ68: =SUM(U68:AI68) -> 38 | AL68: KV13504 | AM68: CƠ ĐỘNG | AQ68: =COUNT(F68:AJ68)-COUNTIF(F68:AJ68,0) -> 7
B69: 32 | C69: Nguyễn Tấn Phước | D69: KV13516 | E69: 46288 | F69: NHÂN SỰ MỚI | AB69: 5 | AC69: NGHĨ VIỆC | AJ69: =SUM(U69:AI69) -> 5 | AL69: KV13516 | AM69: CƠ ĐỘNG | AQ69: =COUNT(F69:AJ69)-COUNTIF(F69:AJ69,0) -> 2
B70: 33 | C70: Trương Nhĩ Lâm | D70: KV13503 | E70: 46288 | F70: NHÂN SỰ MỚI | AB70: 6 | AC70: OFF | AD70: 7 | AE70: 11 | AF70: 12 | AG70: OFF | AH70: OFF | AI70: 6 | AJ70: =SUM(U70:AI70) -> 42 | AL70: KV13503 | AM70: CƠ ĐỘNG | AQ70: =COUNT(F70:AJ70)-COUNTIF(F70:AJ70,0) -> 6
B71: 34 | C71: Nguyễn Trọng Nghĩa | D71: KV13532 | E71: 46289 | F71: NHÂN SỰ MỚI | AC71: 11 | AD71: OFF | AE71: OFF | AF71: OFF | AG71: OFF | AH71: OFF | AI71: OFF | AJ71: =SUM(U71:AI71) -> 11 | AL71: KV13532 | AM71: CƠ ĐỘNG | AQ71: =COUNT(F71:AJ71)-COUNTIF(F71:AJ71,0) -> 2
B72: 35 | C72: Phạm Thị Anh Thư | D72: KV13518 | E72: 46289 | F72: NHÂN SỰ MỚI | AC72: 7 | AD72: 4 | AE72: 5 | AF72: 5 | AG72: 5 | AH72: OFF | AI72: 5 | AJ72: =SUM(U72:AI72) -> 31 | AL72: KV13518 | AM72: CƠ ĐỘNG | AQ72: =COUNT(F72:AJ72)-COUNTIF(F72:AJ72,0) -> 7 | AR72: =AK72-AT72-AU72 -> -19 | AS72: =IF(AQ72=31,2,IF(AQ72=30,1,0)) -> 0 | AU72: =(SUMIFS(F72:AJ72,F72:AJ72,">12")-(COUNTIF(F72:AJ72,">12")*12)) -> 19
B73: 36 | C73: Hồ Thị Quỳnh Như | D73: KV13534 | E73: 46290 | F73: NHÂN SỰ MỚI | AD73: 12 | AE73: 6 | AF73: 6 | AG73: 8 | AH73: NV | AJ73: =SUM(U73:AI73) -> 32 | AL73: KV13534 | AM73: CƠ ĐỘNG | AQ73: =COUNT(F73:AJ73)-COUNTIF(F73:AJ73,0) -> 5 | AR73: =AK73-AT73-AU73 -> -20 | AS73: =IF(AQ73=31,2,IF(AQ73=30,1,0)) -> 0 | AU73: =(SUMIFS(F73:AJ73,F73:AJ73,">12")-(COUNTIF(F73:AJ73,">12")*12)) -> 20
B74: 37 | C74: Bùi Minh Thắng | D74: KV11571 | J74: 4 | AJ74: =SUM(U74:AI74) -> 0 | AL74: =VLOOKUP(C74,[3]Sheet1!$B$10:$C$41,2,0) -> #N/A | AM74: CƠ ĐỘNG | AQ74: =COUNT(F74:AJ74)-COUNTIF(F74:AJ74,0) -> 1 | AR74: =AK74-AT74-AU74 -> 0 | AS74: =IF(AQ74=31,2,IF(AQ74=30,1,0)) -> 0 | AU74: =(SUMIFS(F74:AJ74,F74:AJ74,">12")-(COUNTIF(F74:AJ74,">12")*12)) -> 0
B75: 38 | C75: Phạm Tuấn Khanh | D75: KV12952 | J75: 7 | K75: 5 | W75: 7 | Y75: 7 | AJ75: =SUM(U75:AI75) -> 14 | AL75: =VLOOKUP(C75,[3]Sheet1!$B$10:$C$41,2,0) -> KV12952 | AM75: CƠ ĐỘNG | AQ75: =COUNT(F75:AJ75)-COUNTIF(F75:AJ75,0) -> 5 | AR75: =AK75-AT75-AU75 -> -2 | AS75: =IF(AQ75=31,2,IF(AQ75=30,1,0)) -> 0 | AU75: =(SUMIFS(F75:AJ75,F75:AJ75,">12")-(COUNTIF(F75:AJ75,">12")*12)) -> 2
C76: Đến hỗ trợ Ca Ngày | AJ76: =SUM(AJ38:AJ75) -> 2164 | AQ76: =COUNT(F76:AJ76)-COUNTIF(F76:AJ76,0) -> 1 | AR76: =AK76-AT76-AU76 -> -2152 | AS76: =IF(AQ76=31,2,IF(AQ76=30,1,0)) -> 0 | AU76: =(SUMIFS(F76:AJ76,F76:AJ76,">12")-(COUNTIF(F76:AJ76,">12")*12)) -> 2152
B77: 1 | C77: Nguyễn Hoài Khánh | D77: KV11416 | G77: 2 | J77: 4 | K77: 4 | W77: 5 | X77: 4 | Y77: 4 | AK77: =SUM(F77:AJ77) -> 23 | AL77: =VLOOKUP(C77,[2]T09.2026!$C$200:$E$236,3,0) -> KV11416 | AM77: NV | AQ77: =COUNT(F77:AJ77)-COUNTIF(F77:AJ77,0) -> 6 | AR77: =AK77-AT77-AU77-AV77 -> 21 | AS77: =IF(AQ77=30,2,IF(AQ77=29,1,0)) -> 0 | AU77: =(SUMIFS(F77:AJ77,F77:AJ77,">12")-(COUNTIF(F77:AJ77,">12")*12)) -> 0 | AV77: =F77+G77 -> 2
B78: 2 | C78: Trần Gia Long | D78: KV11244 | E78: sap | J78: 4 | AK78: =SUM(F78:AJ78) -> 4 | AL78: =VLOOKUP(C78,[2]T09.2026!$C$200:$E$236,3,0) -> KV11244 | AQ78: =COUNT(F78:AJ78)-COUNTIF(F78:AJ78,0) -> 1 | AR78: =AK78-AT78-AU78 -> 0 | AS78: =IF(AQ78=30,2,IF(AQ78=29,1,0)) -> 0 | AU78: 4 | AV78: =F78+G78 -> 0
B79: 3 | C79: Lê Võ Trọng Nhân | D79: KV12965 | J79: 5 | Q79: 5 | Y79: 5 | AE79: 5 | AK79: =SUM(F79:AJ79) -> 20 | AL79: =VLOOKUP(C79,[2]T09.2026!$C$200:$E$236,3,0) -> KV12965 | AQ79: =COUNT(F79:AJ79)-COUNTIF(F79:AJ79,0) -> 4 | AR79: =AK79-AT79-AU79 -> 0 | AS79: =IF(AQ79=30,2,IF(AQ79=29,1,0)) -> 0 | AU79: 20 | AV79: =F79+G79 -> 0
B80: 5 | C80: Gịp Duy Bình | D80: KV08846 | J80: 5 | K80: 5 | Q80: 5 | R80: 5 | X80: 5 | Y80: 5 | AE80: 5 | AF80: 5 | AK80: =SUM(F80:AJ80) -> 40 | AL80: =VLOOKUP(C80,[2]T09.2026!$C$200:$E$236,3,0) -> KV08846 | AQ80: =COUNT(F80:AJ80)-COUNTIF(F80:AJ80,0) -> 8 | AR80: =AK80-AT80-AU80 -> 0 | AS80: =IF(AQ80=30,2,IF(AQ80=29,1,0)) -> 0 | AU80: 40 | AV80: =F80+G80 -> 0
B81: 5 | C81: Nguyễn Mộc Uyển | D81: KV13164 | E81: BT | J81: 5 | K81: 4 | Q81: 13 | X81: 12 | Y81: 4 | AA81: 12 | AC81: 4 | AE81: 12 | AF81: 12 | AK81: =SUM(F81:AJ81) -> 78 | AL81: =VLOOKUP(C81,[2]T09.2026!$C$200:$E$236,3,0) -> KV13164 | AQ81: =COUNT(F81:AJ81)-COUNTIF(F81:AJ81,0) -> 9 | AR81: =AK81-AT81-AU81 -> 77 | AS81: =IF(AQ81=30,2,IF(AQ81=29,1,0)) -> 0 | AU81: =(SUMIFS(F81:AJ81,F81:AJ81,">12")-(COUNTIF(F81:AJ81,">12")*12)) -> 1 | AV81: =F81+G81 -> 0
B82: 6 | C82: Ngô Lai Nguyên | D82: KV11879 | E82: BT | J82: 5 | K82: 5 | Q82: 8 | AE82: 5 | AK82: =SUM(F82:AJ82) -> 23 | AL82: =VLOOKUP(C82,[2]T09.2026!$C$200:$E$236,3,0) -> KV11879 | AQ82: =COUNT(F82:AJ82)-COUNTIF(F82:AJ82,0) -> 4 | AR82: =AK82-AT82-AU82 -> 8 | AS82: =IF(AQ82=30,2,IF(AQ82=29,1,0)) -> 0 | AU82: 15 | AV82: =F82+G82 -> 0
B83: 7 | C83: Trần Anh Huy | D83: KV12611 | K83: 5 | AK83: =SUM(F83:AJ83) -> 5 | AL83: =VLOOKUP(C83,[2]T09.2026!$C$200:$E$236,3,0) -> KV12611 | AQ83: =COUNT(F83:AJ83)-COUNTIF(F83:AJ83,0) -> 1 | AR83: =AK83-AT83-AU83 -> 0 | AS83: =IF(AQ83=30,2,IF(AQ83=29,1,0)) -> 0 | AU83: 5 | AV83: =F83+G83 -> 0
B84: 8 | C84: Trần Quốc Huy | D84: KV10875 | E84: CĐ | K84: 5 | AQ84: =COUNT(F84:AJ84)-COUNTIF(F84:AJ84,0) -> 1 | AR84: =AK84-AT84-AU84 -> 0 | AS84: =IF(AQ84=30,2,IF(AQ84=29,1,0)) -> 0 | AU84: =(SUMIFS(F84:AJ84,F84:AJ84,">12")-(COUNTIF(F84:AJ84,">12")*12)) -> 0 | AV84: =F84+G84 -> 0
B85: 9 | C85: Đỗ Ngọc Thuận | D85: KV10624 | E85: CĐ | K85: 5 | AQ85: =COUNT(F85:AJ85)-COUNTIF(F85:AJ85,0) -> 1 | AR85: =AK85-AT85-AU85 -> 0 | AS85: =IF(AQ85=30,2,IF(AQ85=29,1,0)) -> 0 | AU85: =(SUMIFS(F85:AJ85,F85:AJ85,">12")-(COUNTIF(F85:AJ85,">12")*12)) -> 0 | AV85: =F85+G85 -> 0
B86: 10 | C86: Phạm Hoàng Hồng Yến | D86: KV12415 | E86: DCH | R86: 5 | X86: 5 | AF86: 5 | AK86: =SUM(F86:AJ86) -> 15 | AL86: =VLOOKUP(C86,[2]T09.2026!$C$200:$E$236,3,0) -> KV12415 | AQ86: =COUNT(F86:AJ86)-COUNTIF(F86:AJ86,0) -> 3 | AR86: =AK86-AT86-AU86 -> 0 | AS86: =IF(AQ86=30,2,IF(AQ86=29,1,0)) -> 0 | AU86: 15 | AV86: =F86+G86 -> 0
B87: 11 | C87: Huỳnh Minh Trí Tiên | D87: KV09258 | E87: BT | W87: 5 | AK87: =SUM(F87:AJ87) -> 5 | AL87: =VLOOKUP(C87,[2]T09.2026!$C$200:$E$236,3,0) -> KV09258 | AQ87: =COUNT(F87:AJ87)-COUNTIF(F87:AJ87,0) -> 1 | AR87: =AK87-AT87-AU87 -> 5 | AS87: =IF(AQ87=30,2,IF(AQ87=29,1,0)) -> 0 | AU87: =(SUMIFS(F87:AJ87,F87:AJ87,">12")-(COUNTIF(F87:AJ87,">12")*12)) -> 0 | AV87: =F87+G87 -> 0
B88: 12 | C88: Hoàng Ngọc Anh Thư | D88: KV09493 | W88: 5 | AG88: 5 | AK88: =SUM(F88:AJ88) -> 10 | AL88: =VLOOKUP(C88,[2]T09.2026!$C$200:$E$236,3,0) -> KV09493 | AQ88: =COUNT(F88:AJ88)-COUNTIF(F88:AJ88,0) -> 2 | AR88: =AK88-AT88-AU88 -> 7 | AS88: =IF(AQ88=30,2,IF(AQ88=29,1,0)) -> 0 | AU88: 3 | AV88: =F88+G88 -> 0
B89: 13 | C89: Nguyễn Ngọc Thắng | D89: KV13083 | E89: P9 | AB89: 5 | AK89: =SUM(F89:AJ89) -> 5 | AL89: =VLOOKUP(C89,[2]T09.2026!$C$200:$E$236,3,0) -> KV13083 | AQ89: =COUNT(F89:AJ89)-COUNTIF(F89:AJ89,0) -> 1 | AR89: =AK89-AT89-AU89 -> 0 | AS89: =IF(AQ89=30,2,IF(AQ89=29,1,0)) -> 0 | AU89: 5 | AV89: =F89+G89 -> 0
B90: 14 | C90: Huỳnh Quang Phát | D90: KV12704 | E90: 46015 | AF90: 8 | AH90: 8 | AK90: =SUM(F90:AJ90) -> 16 | AL90: =VLOOKUP(C90,[2]T09.2026!$C$200:$E$236,3,0) -> KV12704 | AQ90: =COUNT(F90:AJ90)-COUNTIF(F90:AJ90,0) -> 2 | AR90: =AK90-AT90-AU90 -> 16 | AS90: =IF(AQ90=30,2,IF(AQ90=29,1,0)) -> 0 | AU90: =(SUMIFS(F90:AJ90,F90:AJ90,">12")-(COUNTIF(F90:AJ90,">12")*12)) -> 0 | AV90: =F90+G90 -> 0
C91: Đến hỗ trợ Ca Đêm | AQ91: =COUNT(F91:AJ91)-COUNTIF(F91:AJ91,0) -> 0 | AR91: =AK91-AT91-AU91 -> 0 | AS91: =IF(AQ91=30,2,IF(AQ91=29,1,0)) -> 0 | AU91: =(SUMIFS(F91:AJ91,F91:AJ91,">12")-(COUNTIF(F91:AJ91,">12")*12)) -> 0 | AV91: =F91+G91 -> 0
AQ92: =COUNT(F92:AJ92)-COUNTIF(F92:AJ92,0) -> 0
AQ93: =COUNT(F93:AJ93)-COUNTIF(F93:AJ93,0) -> 0
AQ94: =COUNT(F94:AJ94)-COUNTIF(F94:AJ94,0) -> 0
AQ95: =COUNT(F95:AJ95)-COUNTIF(F95:AJ95,0) -> 0
AQ96: =COUNT(F96:AJ96)-COUNTIF(F96:AJ96,0) -> 0
C97: Đi hỗ trợ | AQ97: =COUNT(F97:AJ97)-COUNTIF(F97:AJ97,0) -> 0
AQ98: =COUNT(F98:AJ98)-COUNTIF(F98:AJ98,0) -> 0
AQ99: =COUNT(F99:AJ99)-COUNTIF(F99:AJ99,0) -> 0
AQ100: =COUNT(F100:AJ100)-COUNTIF(F100:AJ100,0) -> 0
...

Sheet BD
B1: BẢNG CHẤM CÔNG NHÂN VIÊN THÁNG…01/2020……………. | AM1: - Những cột có dấu (*) là bắt buộc người chấm công phải nhập dữ liệu (nếu có)
B2: ( Từ Ngày ………01/01/2020……….. Đến………31/01/2020…… )
C3: Bãi xe:…….. | AM3: Phần nhập của Quản lý Bãi xe | AQ3: Phần nhập của Phòng HCNS
AM4: (*) | AN4: (*) | AO4: (*) | AP4: (*)
D5: 1 | E5: 2 | F5: 3 | G5: 4 | H5: 5 | I5: 6 | J5: 7 | K5: 8 | L5: 9 | M5: 10 | N5: 11 | O5: 12 | P5: 13 | Q5: 14 | R5: 15 | S5: 16 | T5: 17 | U5: 18 | V5: 19 | W5: 20 | X5: 21 | Y5: 22 | Z5: 23 | AA5: 24 | AB5: 25 | AC5: 26 | AD5: 27 | AE5: 28 | AF5: 29 | AG5: 30 | AH5: 31 | AI5: 32 | AJ5: 33 | AK5: 34 | AL5: 35 | AM5: 36 | AN5: 37 | AO5: 38 | AP5: 39 | AQ5: 40 | AR5: 41 | AS5: 42 | AT5: 43 | AU5: 44 | AV5: 45 | AW5: 46 | AX5: 47 | AY5: 48
B6: Phần in ra cho Nhân viên ký xác nhận
B7: STT | C7: HỌ VÀ TÊN | D7: Thứ | F7: =TEXT(F8,"ddd") -> T3 | G7: =TEXT(G8,"ddd") -> T4 | H7: =TEXT(H8,"ddd") -> T5 | I7: =TEXT(I8,"ddd") -> T6 | J7: =TEXT(J8,"ddd") -> T7 | K7: =TEXT(K8,"ddd") -> CN | L7: =TEXT(L8,"ddd") -> T2 | M7: =TEXT(M8,"ddd") -> T3 | ... AJ7: =TEXT(AJ8,"ddd") | AL7: NV Ký Xác nhận | AM7: Thông tin Tham chiếu | AQ7: Giờ công (h) | AX7: Đánh giá
D8: Ngày | F8: =DATE(SGP!D7,SGP!D6,1) -> 46266 | G8: =IFERROR(IF(F8+1<=EOMONTH(F8,0),F8+1,""),"") -> 46267 | H8: =IFERROR(IF(G8+1<=EOMONTH(G8,0),G8+1,""),"") -> 46268 | I8: =IFERROR(IF(H8+1<=EOMONTH(H8,0),H8+1,""),"") -> 46269 | J8: =IFERROR(IF(I8+1<=EOMONTH(I8,0),I8+1,""),"") -> 46270 | K8: =IFERROR(IF(J8+1<=EOMONTH(J8,0),J8+1,""),"") -> 46271 | L8: =IFERROR(IF(K8+1<=EOMONTH(K8,0),K8+1,""),"") -> 46272 | M8: =IFERROR(IF(L8+1<=EOMONTH(L8,0),L8+1,""),"") -> 46273 | N8: =IFERROR(IF(M8+1<=EOMONTH(M8,0),M8+1,""),"") -> 46274 | ... AJ8: =IFERROR(IF(AI8+1<=EOMONTH(AI8,0),AI8+1,""),"") | AK8: Tổng giờ Công | AM8: Đối tượng / Chức vụ | AN8: Ghi chú (ghi chú phụ cấp) | AO8: Bãi xe (chỉ ghi khi có NV đến hỗ trợ) | AP8: Ca làm việc | AQ8: Tổng số ngày Làm việc trong tháng | AR8: Giờ công thường 1.0 | AS8: Số ngày tăng ca ngày nghỉ | AT8: Tăng ca ngày 1.3 | AU8: Tăng ca giờ 1.5 | AV8: Tăng ca Lễ 2.0 | AW8: Tăng ca tết 3.0 | AX8: Bãi xe Đánh giá | AY8: P. Nhân sự đánh giá
B9: Ca Ngày | AY9: 0
B10: 1 | C10: Nguyễn Thị Thanh Nhanh | D10: KV128 | F10: 13 | G10: 10 | H10: 11 | I10: 13 | J10: 11 | K10: 11 | L10: 11 | M10: 11 | N10: 9 | O10: 11 | P10: 14 | Q10: 16 | R10: 14 | S10: 15 | T10: 12 | U10: 13 | V10: 13 | W10: 12 | X10: 11 | Y10: 9 | Z10: 9 | AA10: 11 | AB10: 12 | AC10: 11 | AD10: 11 | AE10: 10 | AF10: 10 | AG10: 11 | AH10: 11 | AI10: 11
B11: 2 | C11: Nguyễn Hùng Toại | D11: KV6771 | F11: 10 | G11: 10 | H11: 10 | I11: 10 | J11: 10 | K11: 10 | L11: 10 | M11: 10 | N11: 10 | O11: 10 | P11: 10 | Q11: 10 | R11: 10 | S11: 10 | T11: 10 | U11: 10 | V11: 10 | W11: 10 | X11: 10 | Y11: 10 | Z11: 10 | AA11: 10 | AB11: 10 | AC11: 10 | AD11: 10 | AE11: 10 | AF11: 10 | AG11: 10 | AH11: 10 | AI11: 10
B12: 3 | C12: Nguyễn Thành Trung | D12: KV05701 | E12: KV05701 | F12: 16 | G12: 16 | H12: 8 | I12: 5 | J12: 16 | K12: 16 | L12: 8 | M12: 16 | N12: 8 | O12: 9 | P12: 16 | Q12: 16 | R12: 16 | S12: 8 | T12: 8 | U12: 16 | V12: 8 | W12: 8 | X12: 16 | Y12: 16 | Z12: 16 | AA12: 5 | AB12: 16 | AC12: 16 | AD12: 8 | AE12: 11 | AF12: 16 | AG12: 16 | AH12: 9 | AI12: 9 | AK12: =SUM(F12:AJ12) -> 368 | AL12: =VLOOKUP(C12,[2]T09.2026!$C$243:$E$259,3,0) -> KV05701 | AN12: 300000 | AQ12: =COUNT(F12:AJ12)-COUNTIF(F12:AJ12,0) -> 30 | AR12: =AK12-AT12-AU12 -> 286 | AS12: =IF(AQ12=30,2,IF(AQ12=29,1,0)) -> 2 | AT12: 18 | AU12: =(SUMIFS(F12:AJ12,F12:AJ12,">12")-(COUNTIF(F12:AJ12,">12")*12)) -> 64 | AV12: =F12+G12 -> 32
B13: 4 | C13: Phạm Ngọc Hiến | D13: KV09530 | E13: KV09530 | F13: 14 | G13: 14 | H13: 9 | I13: OFF | J13: 14 | K13: 14 | L13: OFF | M13: 9 | N13: 9 | O13: 9 | P13: 9 | Q13: 14 | R13: 14 | S13: 9 | T13: 9 | U13: 9 | V13: 9 | W13: 9 | X13: 14 | Y13: 14 | Z13: 9 | AA13: 9 | AB13: 9 | AC13: 9 | AD13: 9 | AE13: 14 | AF13: 14 | AG13: 9 | AH13: OFF | AI13: OFF | AK13: =SUM(F13:AJ13) -> 284 | AL13: =VLOOKUP(C13,[2]T09.2026!$C$243:$E$259,3,0) -> KV09530 | AQ13: =COUNT(F13:AJ13)-COUNTIF(F13:AJ13,0) -> 26 | AR13: =AK13-AT13-AU13 -> 264 | AS13: =IF(AQ13=30,2,IF(AQ13=29,1,0)) -> 0 | AU13: =(SUMIFS(F13:AJ13,F13:AJ13,">12")-(COUNTIF(F13:AJ13,">12")*12)) -> 20 | AV13: =F13+G13 -> 28
B14: 5 | C14: Cao Tuyết Hằng | D14: KV10425 | E14: KV10425 | F14: 10 | G14: 4 | H14: 11 | I14: 16 | J14: 13 | K14: 8 | L14: 11 | M14: 11 | N14: 11 | O14: 3 | P14: 6 | Q14: 11 | R14: 8 | S14: 16 | T14: 8 | U14: 16 | V14: 11 | W14: 7 | X14: 11 | Y14: 8 | Z14: 16 | AA14: 16 | AB14: 6 | AC14: OFF | AD14: 16 | AE14: 14 | AF14: 8 | AG14: 5 | AH14: 11 | AI14: 11 | AK14: =SUM(F14:AJ14) -> 303 | AL14: =VLOOKUP(C14,[2]T09.2026!$C$243:$E$259,3,0) -> KV10425 | AQ14: =COUNT(F14:AJ14)-COUNTIF(F14:AJ14,0) -> 29 | AR14: =AK14-AT14-AU14 -> 265 | AS14: =IF(AQ14=30,2,IF(AQ14=29,1,0)) -> 1 | AT14: 11 | AU14: =(SUMIFS(F14:AJ14,F14:AJ14,">12")-(COUNTIF(F14:AJ14,">12")*12)) -> 27 | AV14: =F14+G14 -> 14
B15: 6 | C15: Lăng Thị Kiều Oanh | D15: KV10386 | E15: KV10386 | F15: 13 | G15: 4 | H15: 11 | I15: 16 | J15: 16 | K15: 8 | L15: 11 | M15: 11 | N15: 11 | O15: 3 | P15: 11 | Q15: 11 | R15: 8 | S15: 16 | T15: 8 | U15: 16 | V15: 16 | W15: 7 | X15: 14 | Y15: 8 | Z15: 16 | AA15: 16 | AB15: 6 | AC15: OFF | AD15: 16 | AE15: 14 | AF15: 8 | AG15: 16 | AH15: 11 | AI15: 11 | AK15: =SUM(F15:AJ15) -> 333 | AL15: =VLOOKUP(C15,[2]T09.2026!$C$243:$E$259,3,0) -> KV10386 | AQ15: =COUNT(F15:AJ15)-COUNTIF(F15:AJ15,0) -> 29 | AR15: =AK15-AT15-AU15 -> 281 | AS15: =IF(AQ15=30,2,IF(AQ15=29,1,0)) -> 1 | AT15: 11 | AU15: =(SUMIFS(F15:AJ15,F15:AJ15,">12")-(COUNTIF(F15:AJ15,">12")*12)) -> 41 | AV15: =F15+G15 -> 17
B16: 7 | C16: Lương Minh Hùng | D16: KV11284 | E16: KV11284 | F16: 13 | G16: 15 | H16: 11 | I16: 16 | J16: 16 | K16: 15 | L16: 11 | M16: 11 | N16: 15 | O16: OFF | P16: 15 | Q16: 15 | R16: 15 | S16: 13 | T16: 11 | U16: 11 | V16: 15 | W16: 15 | X16: 15 | Y16: 15 | Z16: 9 | AA16: 11 | AB16: 15 | AC16: 15 | AD16: 11 | AE16: 15 | AF16: 11 | AG16: OFF | AH16: OFF | AI16: 11 | AK16: =SUM(F16:AJ16) -> 361 | AL16: =VLOOKUP(C16,[2]T09.2026!$C$243:$E$259,3,0) -> KV11284 | AQ16: =COUNT(F16:AJ16)-COUNTIF(F16:AJ16,0) -> 27 | AR16: =AK16-AT16-AU16 -> 312 | AS16: =IF(AQ16=30,2,IF(AQ16=29,1,0)) -> 0 | AU16: =(SUMIFS(F16:AJ16,F16:AJ16,">12")-(COUNTIF(F16:AJ16,">12")*12)) -> 49 | AV16: =F16+G16 -> 28
B17: 8 | C17: Đoàn Thanh Thúy | D17: KV11678 | E17: KV11678 | F17: OFF | G17: 13 | H17: 13 | I17: 13 | J17: 13 | K17: 13 | L17: 9 | M17: 13 | N17: 10 | O17: 14 | P17: 14 | Q17: 14 | R17: 14 | S17: 14 | T17: 14 | U17: 13 | V17: 14 | W17: 14 | X17: 11 | Y17: 14 | Z17: 14 | AA17: 14 | AB17: 14 | AC17: 14 | AD17: 14 | AE17: 14 | AF17: OFF | AG17: 14 | AH17: 14 | AI17: 14 | AK17: =SUM(F17:AJ17) -> 373 | AL17: =VLOOKUP(C17,[2]T09.2026!$C$243:$E$259,3,0) -> KV11678 | AQ17: =COUNT(F17:AJ17)-COUNTIF(F17:AJ17,0) -> 28 | AR17: =AK17-AT17-AU17 -> 330 | AS17: =IF(AQ17=30,2,IF(AQ17=29,1,0)) -> 0 | AU17: =(SUMIFS(F17:AJ17,F17:AJ17,">12")-(COUNTIF(F17:AJ17,">12")*12)) -> 43 | AV17: 13
B18: 9 | C18: Nguyễn Minh Tuấn | D18: KV12177 | E18: KV12177 | F18: 12 | G18: 2 | H18: 8 | I18: 11 | J18: 11 | K18: 12 | L18: 12 | M18: 16 | N18: 14 | O18: 16 | P18: 6 | Q18: OFF | R18: OFF | S18: 8 | T18: 19 | U18: 15 | V18: 12 | W18: 8 | X18: 11 | Y18: 10 | Z18: 11 | AA18: 10 | AB18: 6 | AC18: OFF | AD18: 9 | AE18: 14 | AF18: 16 | AG18: 7 | AH18: 14 | AI18: 14 | AK18: =SUM(F18:AJ18) -> 304 | AL18: =VLOOKUP(C18,[2]T09.2026!$C$243:$E$259,3,0) -> KV12177 | AN18: 300000 | AQ18: =COUNT(F18:AJ18)-COUNTIF(F18:AJ18,0) -> 27 | AR18: =AK18-AT18-AU18 -> 274 | AS18: =IF(AQ18=30,2,IF(AQ18=29,1,0)) -> 0 | AU18: =(SUMIFS(F18:AJ18,F18:AJ18,">12")-(COUNTIF(F18:AJ18,">12")*12)) -> 30 | AV18: =F18+G18 -> 14
B19: 10 | C19: Lê Phước Tấn | D19: KV13047 | E19: KV13047 | F19: 12 | G19: 13 | H19: 9 | I19: 13 | J19: 13 | K19: 13 | L19: 9 | M19: 3 | N19: 7 | O19: 13 | P19: 13 | Q19: 13 | R19: 13 | S19: 9 | T19: 4 | U19: 9 | V19: 9 | W19: OFF | X19: OFF | Y19: OFF | Z19: OFF | AA19: 10 | AB19: 13 | AC19: 13 | AD19: 13 | AE19: 13 | AF19: 13 | AG19: 9 | AH19: 6 | AI19: 13 | AK19: =SUM(F19:AJ19) -> 278 | AL19: =VLOOKUP(C19,[2]T09.2026!$C$243:$E$259,3,0) -> KV13047 | AQ19: =COUNT(F19:AJ19)-COUNTIF(F19:AJ19,0) -> 26 | AR19: =AK19-AT19-AU19 -> 264 | AS19: =IF(AQ19=30,2,IF(AQ19=29,1,0)) -> 0 | AU19: =(SUMIFS(F19:AJ19,F19:AJ19,">12")-(COUNTIF(F19:AJ19,">12")*12)) -> 14 | AV19: =F19+G19 -> 25
B20: 11 | C20: Nguyễn Văn Thặng | D20: KV13103 | E20: KV13103 | F20: 13 | G20: 13 | H20: 7 | I20: 13 | J20: 13 | K20: 13 | L20: 9 | M20: 9 | N20: 13 | O20: 13 | P20: 7 | Q20: 13 | R20: 13 | S20: 7 | T20: 11 | U20: 10 | V20: 11 | W20: 10 | X20: 10 | Y20: 10 | Z20: 11 | AA20: 11 | AB20: 11 | AC20: 11 | AD20: 11 | AE20: 7 | AF20: OFF | AG20: 11 | AH20: 9 | AI20: 9 | AK20: =SUM(F20:AJ20) -> 309 | AL20: =VLOOKUP(C20,[2]T09.2026!$C$243:$E$259,3,0) -> KV13103 | AQ20: =COUNT(F20:AJ20)-COUNTIF(F20:AJ20,0) -> 29 | AR20: =AK20-AT20-AU20 -> 291 | AS20: =IF(AQ20=30,2,IF(AQ20=29,1,0)) -> 1 | AT20: 9 | AU20: =(SUMIFS(F20:AJ20,F20:AJ20,">12")-(COUNTIF(F20:AJ20,">12")*12)) -> 9 | AV20: =F20+G20 -> 26
B21: 12 | C21: Phan Thị Mỹ Duyên | D21: KV13243 | E21: KV13243 | F21: 13 | G21: 14 | H21: 14 | I21: 13 | J21: 9 | K21: 14 | L21: 9 | M21: 15 | N21: 14 | O21: 14 | P21: 14 | Q21: 14 | R21: 16 | S21: 9 | T21: 16 | U21: 13 | V21: 14 | W21: 13 | X21: 13 | Y21: 9 | Z21: 13 | AA21: 9 | AB21: 14 | AC21: 14 | AD21: 13 | AE21: 15 | AF21: 13 | AG21: 14 | AH21: 9 | AI21: 16 | AK21: =SUM(F21:AJ21) -> 390 | AL21: =VLOOKUP(C21,[2]T09.2026!$C$243:$E$259,3,0) -> KV13243 | AQ21: =COUNT(F21:AJ21)-COUNTIF(F21:AJ21,0) -> 30 | AR21: =AK21-AT21-AU21 -> 321 | AS21: =IF(AQ21=30,2,IF(AQ21=29,1,0)) -> 2 | AT21: 21 | AU21: =(SUMIFS(F21:AJ21,F21:AJ21,">12")-(COUNTIF(F21:AJ21,">12")*12)) -> 48 | AV21: =F21+G21 -> 27
B22: 13 | C22: Lê Thế Thắng | D22: KV12230 | E22: KV12230 | F22: 13 | G22: 6 | H22: 8 | I22: 7 | J22: 10 | K22: 11 | L22: 4 | M22: 10 | N22: 5 | O22: OFF | P22: OFF | Q22: OFF | R22: 9 | S22: 11 | T22: 11 | U22: 19 | V22: 9 | W22: 16 | X22: OFF | Y22: 11 | Z22: 7 | AA22: OFF | AB22: 21 | AC22: 14 | AD22: 13 | AE22: 11 | AF22: 18 | AG22: 11 | AH22: 14 | AI22: 14 | AK22: =SUM(F22:AJ22) -> 283 | AL22: =VLOOKUP(C22,[2]T09.2026!$C$243:$E$259,3,0) -> KV12230 | AO22: pc đêm 8 ngày | AQ22: =COUNT(F22:AJ22)-COUNTIF(F22:AJ22,0) -> 25 | AR22: =AK22-AT22-AU22 -> 249 | AS22: =IF(AQ22=30,2,IF(AQ22=29,1,0)) -> 0 | AU22: =(SUMIFS(F22:AJ22,F22:AJ22,">12")-(COUNTIF(F22:AJ22,">12")*12)) -> 34 | AV22: =F22+G22 -> 19 | AX22: 400000
B23: 14 | C23: Nguyễn Thiên Ân | D23: KV13333 | E23: KV13333 | F23: 13 | G23: 13 | H23: 9 | I23: 13 | J23: 13 | K23: 13 | L23: 13 | M23: 13 | N23: 13 | O23: 13 | P23: 13 | Q23: 13 | R23: 13 | S23: 9 | T23: 5 | U23: 14 | V23: 14 | W23: 13 | X23: 13 | Y23: 13 | Z23: 13 | AA23: 13 | AB23: OFF | AC23: OFF | AD23: OFF | AE23: 13 | AF23: 13 | AG23: 9 | AH23: 9 | AI23: 7 | AK23: =SUM(F23:AJ23) -> 323 | AL23: =VLOOKUP(C23,[2]T09.2026!$C$243:$E$259,3,0) -> KV13333 | AQ23: =COUNT(F23:AJ23)-COUNTIF(F23:AJ23,0) -> 27 | AR23: =AK23-AT23-AU23 -> 300 | AS23: =IF(AQ23=30,2,IF(AQ23=29,1,0)) -> 0 | AU23: =(SUMIFS(F23:AJ23,F23:AJ23,">12")-(COUNTIF(F23:AJ23,">12")*12)) -> 23 | AV23: =F23+G23 -> 26
B24: 15 | C24: Nguyễn Văn Đạm | D24: KV13355 | E24: KV13355 | F24: 12 | G24: 13 | H24: 9 | I24: 9 | J24: 13 | K24: 13 | L24: 9 | M24: 9 | N24: 13 | O24: 13 | P24: 6 | Q24: 13 | R24: 13 | S24: 6 | T24: 9 | U24: 9 | V24: 9 | W24: 9 | X24: 13 | Y24: 13 | Z24: 9 | AA24: 9 | AB24: 9 | AC24: 9 | AD24: 9 | AE24: 7 | AF24: 13 | AG24: 9 | AH24: 9 | AI24: 9 | AK24: =SUM(F24:AJ24) -> 305 | AL24: =VLOOKUP(C24,[2]T09.2026!$C$243:$E$259,3,0) -> KV13355 | AQ24: =COUNT(F24:AJ24)-COUNTIF(F24:AJ24,0) -> 30 | AR24: =AK24-AT24-AU24 -> 277 | AS24: =IF(AQ24=30,2,IF(AQ24=29,1,0)) -> 2 | AT24: 18 | AU24: =(SUMIFS(F24:AJ24,F24:AJ24,">12")-(COUNTIF(F24:AJ24,">12")*12)) -> 10 | AV24: =F24+G24 -> 25
B25: Ca Đêm | AQ25: =COUNT(F25:AJ25)-COUNTIF(F25:AJ25,0) -> 0 | AR25: =AK25-AT25-AU25 -> 0 | AS25: =IF(AQ25=30,2,IF(AQ25=29,1,0)) -> 0 | AU25: =(SUMIFS(F25:AJ25,F25:AJ25,">12")-(COUNTIF(F25:AJ25,">12")*12)) -> 0 | AV25: =F25+G25 -> 0
B26: 2 | C26: Lê Trần Nhật Minh | D26: KV00994 | E26: KV00994 | F26: 14 | G26: 15 | H26: 15 | I26: 19 | J26: 9 | K26: 15 | L26: 11 | M26: 11 | N26: 15 | O26: 11 | P26: 15 | Q26: 13 | R26: 11 | S26: 11 | T26: 14 | U26: 15 | V26: 11 | W26: 15 | X26: 13 | Y26: 15 | Z26: 11 | AA26: 16 | AB26: 16 | AC26: 13 | AD26: 13 | AE26: 13 | AF26: 13 | AG26: 11 | AH26: 16 | AI26: 15 | AK26: =SUM(F26:AJ26) -> 405 | AL26: =VLOOKUP(C26,[2]T09.2026!$C$243:$E$259,3,0) -> KV00994 | AQ26: =COUNT(F26:AJ26)-COUNTIF(F26:AJ26,0) -> 30 | AR26: =AK26-AT26-AU26 -> 325 | AS26: =IF(AQ26=30,2,IF(AQ26=29,1,0)) -> 2 | AT26: 24 | AU26: =(SUMIFS(F26:AJ26,F26:AJ26,">12")-(COUNTIF(F26:AJ26,">12")*12)) -> 56 | AV26: =F26+G26 -> 29 | AX26: 400000
B27: 3 | C27: Phạm Hiếu Thuận | D27: KV10300 | E27: KV10300 | F27: 16 | G27: 17 | H27: 3 | I27: NGHỈ VIỆC | AK27: =SUM(F27:AJ27) -> 36 | AL27: =VLOOKUP(C27,[2]T09.2026!$C$243:$E$259,3,0) -> KV10300 | AN27: 300000 | AQ27: =COUNT(F27:AJ27)-COUNTIF(F27:AJ27,0) -> 3 | AR27: =AK27-AT27-AU27 -> 27 | AS27: =IF(AQ27=30,2,IF(AQ27=29,1,0)) -> 0 | AU27: =(SUMIFS(F27:AJ27,F27:AJ27,">12")-(COUNTIF(F27:AJ27,">12")*12)) -> 9 | AV27: =F27+G27 -> 33 | AX27: 400000
B28: 4 | C28: Bùi Hoài Linh | D28: KV05792 | E28: KV05792 | F28: 16 | G28: 18 | H28: 15 | I28: 15 | J28: 9 | K28: 15 | L28: 14 | M28: 17 | N28: 15 | O28: 18 | P28: 15 | Q28: 13 | R28: 18 | S28: 15 | T28: 14 | U28: 15 | V28: 15 | W28: 15 | X28: 14 | Y28: 19 | Z28: 14 | AA28: 5 | AB28: 11 | AC28: 16 | AD28: 16 | AE28: 15 | AF28: 14 | AG28: 16 | AH28: 16 | AI28: 11 | AK28: =SUM(F28:AJ28) -> 439 | AL28: =VLOOKUP(C28,[2]T09.2026!$C$243:$E$259,3,0) -> KV05792 | AQ28: =COUNT(F28:AJ28)-COUNTIF(F28:AJ28,0) -> 30 | AR28: =AK28-AT28-AU28 -> 325 | AS28: =IF(AQ28=30,2,IF(AQ28=29,1,0)) -> 2 | AT28: 23 | AU28: =(SUMIFS(F28:AJ28,F28:AJ28,">12")-(COUNTIF(F28:AJ28,">12")*12)) -> 91 | AV28: =F28+G28 -> 34 | AX28: 400000
